item,first author,year published,type,Genus,species,T,sal,Del-CO32-,MgCa,no specimens measured,analysis type,calcite d18O (per mil),del-18Ow,Size fraction (um),remarks
Cap2015Cibwuel,Cappelli,2015,field,Cibicides,wuellerstorfi,10.37,,40.89,4.15,,,,,,
Cap2015Cibwuel,Cappelli,2015,field,Cibicides,wuellerstorfi,7.82,,27.4,1.64,,,,,,
Cap2015Cibwuel,Cappelli,2015,field,Cibicides,wuellerstorfi,7.23,,26.75,2.51,,,,,,
Cap2015Cibwuel,Cappelli,2015,field,Cibicides,wuellerstorfi,7.23,,26.75,1.72,,,,,,
Cap2015Cibwuel,Cappelli,2015,field,Cibicides,wuellerstorfi,6.13,,24.59,2.11,,,,,,
Cap2015Cibwuel,Cappelli,2015,field,Cibicides,wuellerstorfi,6.13,,24.59,1.56,,,,,,
Cap2015Cibwuel,Cappelli,2015,field,Cibicides,wuellerstorfi,6.13,,24.59,1.41,,,,,,
Cap2015Cibwuel,Cappelli,2015,field,Cibicides,wuellerstorfi,5.8,,22.52,1.84,,,,,,
Cap2015Cibwuel,Cappelli,2015,field,Cibicides,wuellerstorfi,5.8,,22.52,1.59,,,,,,
Cap2015Cibwuel,Cappelli,2015,field,Cibicides,wuellerstorfi,4.99,,20.93,1.91,,,,,,
Cap2015Cibwuel,Cappelli,2015,field,Cibicides,wuellerstorfi,4.99,,20.93,1.58,,,,,,
Cap2015Cibwuel,Cappelli,2015,field,Cibicides,wuellerstorfi,4.1,,18.28,1.57,,,,,,
Cap2015Cibwuel,Cappelli,2015,field,Cibicides,wuellerstorfi,4.1,,18.28,1.47,,,,,,
Cap2015Cibwuel,Cappelli,2015,field,Cibicides,wuellerstorfi,4.26,,18.02,1.36,,,,,,
Cap2015Cibwuel,Cappelli,2015,field,Cibicides,wuellerstorfi,3.51,,17.64,1.44,,,,,,
Cap2015Cibwuel,Cappelli,2015,field,Cibicides,wuellerstorfi,3.51,,17.64,1.17,,,,,,
Cap2015Cibwuel,Cappelli,2015,field,Cibicides,wuellerstorfi,3.56,,16.6,1.11,,,,,,
Cap2015Cibwuel,Cappelli,2015,field,Cibicides,wuellerstorfi,2.17,,14.14,2.04,,,,,,
Cap2015Cibwuel,Cappelli,2015,field,Cibicides,wuellerstorfi,2.17,,14.14,1.21,,,,,,
Cap2015Cibwuel,Cappelli,2015,field,Cibicides,wuellerstorfi,2.17,,14.14,0.9,,,,,,
Cap2015Cibwuel,Cappelli,2015,field,Cibicides,wuellerstorfi,2,,13.96,1.42,,,,,,
Cap2015Cibwuel,Cappelli,2015,field,Cibicides,wuellerstorfi,2,,13.96,1.01,,,,,,
Cap2015Cibwuel,Cappelli,2015,field,Cibicides,wuellerstorfi,6.9,,27.11,2.22,,,,,,
Cap2015Cibwuel,Cappelli,2015,field,Cibicides,wuellerstorfi,6.43,,26.55,2.12,,,,,,
Cap2015Cibwuel,Cappelli,2015,field,Cibicides,wuellerstorfi,6.6,,26.51,2.57,,,,,,
Cap2015Cibwuel,Cappelli,2015,field,Cibicides,wuellerstorfi,6.14,,25.63,1.73,,,,,,
Cap2015Cibwuel,Cappelli,2015,field,Cibicides,wuellerstorfi,6.07,,25.47,1.87,,,,,,
Cap2015Cibwuel,Cappelli,2015,field,Cibicides,wuellerstorfi,5.75,,24.74,1.68,,,,,,
Cap2015Cibwuel,Cappelli,2015,field,Cibicides,wuellerstorfi,5.75,,24.74,1.69,,,,,,
Cap2015Cibwuel,Cappelli,2015,field,Cibicides,wuellerstorfi,5.31,,21.09,2.05,,,,,,
Cap2015Hoegeleg,Cappelli,2015,field,Hoeglundina,elegans,18.3,,99.83,1.84,,,,,,
Cap2015Hoegeleg,Cappelli,2015,field,Hoeglundina,elegans,18.3,,99.83,1.51,,,,,,
Cap2015Hoegeleg,Cappelli,2015,field,Hoeglundina,elegans,18.3,,99.83,1.46,,,,,,
Cap2015Hoegeleg,Cappelli,2015,field,Hoeglundina,elegans,9.01,,5.08,1.35,,,,,,
Cap2015Hoegeleg,Cappelli,2015,field,Hoeglundina,elegans,9.01,,5.08,0.98,,,,,,
Cap2015Hoegeleg,Cappelli,2015,field,Hoeglundina,elegans,9.01,,5.08,0.99,,,,,,
Cap2015Hoegeleg,Cappelli,2015,field,Hoeglundina,elegans,7.82,,-0.36,0.87,,,,,,
Cap2015Hoegeleg,Cappelli,2015,field,Hoeglundina,elegans,7.82,,-0.36,1.12,,,,,,
Cap2015Hoegeleg,Cappelli,2015,field,Hoeglundina,elegans,7.82,,-0.36,1.04,,,,,,
Cap2015Hoegeleg,Cappelli,2015,field,Hoeglundina,elegans,7.82,,-0.36,0.98,,,,,,
Cap2015Hoegeleg,Cappelli,2015,field,Hoeglundina,elegans,7.82,,-0.36,1.04,,,,,,
Cap2015Hoegeleg,Cappelli,2015,field,Hoeglundina,elegans,7.23,,-1.2,1.06,,,,,,
Cap2015Hoegeleg,Cappelli,2015,field,Hoeglundina,elegans,7.23,,-1.2,0.89,,,,,,
Cap2015Hoegeleg,Cappelli,2015,field,Hoeglundina,elegans,6.25,,-2.97,0.86,,,,,,
Cap2015Hoegeleg,Cappelli,2015,field,Hoeglundina,elegans,6.13,,-3.97,1.42,,,,,,
Cap2015Hoegeleg,Cappelli,2015,field,Hoeglundina,elegans,6.13,,-3.97,0.85,,,,,,
Cap2015Hoegeleg,Cappelli,2015,field,Hoeglundina,elegans,6.13,,-3.97,0.68,,,,,,
Cap2015Hoegeleg,Cappelli,2015,field,Hoeglundina,elegans,6.13,,-3.97,0.74,,,,,,
Cap2015Hoegeleg,Cappelli,2015,field,Hoeglundina,elegans,6.13,,-3.97,0.84,,,,,,
Cap2015Hoegeleg,Cappelli,2015,field,Hoeglundina,elegans,6.13,,-3.97,0.82,,,,,,
Cap2015Hoegeleg,Cappelli,2015,field,Hoeglundina,elegans,6.13,,-3.97,1.18,,,,,,
Cap2015Hoegeleg,Cappelli,2015,field,Hoeglundina,elegans,5.8,,-6.31,0.61,,,,,,
Cap2015Hoegeleg,Cappelli,2015,field,Hoeglundina,elegans,5.8,,-6.31,0.76,,,,,,
Cap2015Hoegeleg,Cappelli,2015,field,Hoeglundina,elegans,5.8,,-6.31,0.5,,,,,,
Cap2015Hoegeleg,Cappelli,2015,field,Hoeglundina,elegans,4.99,,-8.33,0.7,,,,,,
Cap2015Hoegeleg,Cappelli,2015,field,Hoeglundina,elegans,4.99,,-8.33,0.82,,,,,,
Cap2015Hoegeleg,Cappelli,2015,field,Hoeglundina,elegans,4.99,,-8.33,0.73,,,,,,
Cap2015Hoegeleg,Cappelli,2015,field,Hoeglundina,elegans,4.62,,-9.82,1.02,,,,,,
Cap2015Hoegeleg,Cappelli,2015,field,Hoeglundina,elegans,4.61,,-10.96,0.76,,,,,,
Cap2015Hoegeleg,Cappelli,2015,field,Hoeglundina,elegans,4.61,,-10.96,0.54,,,,,,
Cap2015Hoegeleg,Cappelli,2015,field,Hoeglundina,elegans,4.61,,-10.96,0.44,,,,,,
Cap2015Hoegeleg,Cappelli,2015,field,Hoeglundina,elegans,4.26,,-12.65,0.88,,,,,,
Cap2015Hoegeleg,Cappelli,2015,field,Hoeglundina,elegans,4.26,,-12.65,0.56,,,,,,
Cap2015Hoegeleg,Cappelli,2015,field,Hoeglundina,elegans,4.26,,-12.65,0.34,,,,,,
Cap2015Hoegeleg,Cappelli,2015,field,Hoeglundina,elegans,4.26,,-12.65,0.38,,,,,,
Cap2015Hoegeleg,Cappelli,2015,field,Hoeglundina,elegans,4.26,,-12.65,0.35,,,,,,
Cap2015Hoegeleg,Cappelli,2015,field,Hoeglundina,elegans,4.18,,-13.36,0.46,,,,,,
Cap2015Hoegeleg,Cappelli,2015,field,Hoeglundina,elegans,4.18,,-13.36,0.44,,,,,,
Cap2015Hoegeleg,Cappelli,2015,field,Hoeglundina,elegans,3.51,,-13.87,0.52,,,,,,
Cap2015Hoegeleg,Cappelli,2015,field,Hoeglundina,elegans,3.51,,-13.87,0.46,,,,,,
Cap2015Hoegeleg,Cappelli,2015,field,Hoeglundina,elegans,2.17,,-22.71,0.54,,,,,,
Cap2015Hoegeleg,Cappelli,2015,field,Hoeglundina,elegans,2,,-23.12,0.54,,,,,,
Cap2015Hoegeleg,Cappelli,2015,field,Hoeglundina,elegans,2,,-23.12,0.33,,,,,,
Cap2015Hoegeleg,Cappelli,2015,field,Hoeglundina,elegans,6.9,,-0.66,0.87,,,,,,
Cap2015Hoegeleg,Cappelli,2015,field,Hoeglundina,elegans,6.9,,-0.66,0.86,,,,,,
Cap2015Hoegeleg,Cappelli,2015,field,Hoeglundina,elegans,6.43,,-1.48,0.99,,,,,,
Cap2015Hoegeleg,Cappelli,2015,field,Hoeglundina,elegans,6.43,,-1.48,0.92,,,,,,
Cap2015Hoegeleg,Cappelli,2015,field,Hoeglundina,elegans,6.6,,-1.6,1.07,,,,,,
Cap2015Hoegeleg,Cappelli,2015,field,Hoeglundina,elegans,6.14,,-2.84,0.68,,,,,,
Cap2015Hoegeleg,Cappelli,2015,field,Hoeglundina,elegans,6.14,,-2.84,0.73,,,,,,
Cap2015Hoegeleg,Cappelli,2015,field,Hoeglundina,elegans,6.07,,-3.05,0.88,,,,,,
Cap2015Hoegeleg,Cappelli,2015,field,Hoeglundina,elegans,6.07,,-3.05,0.85,,,,,,
Cap2015Hoegeleg,Cappelli,2015,field,Hoeglundina,elegans,5.75,,-3.89,0.89,,,,,,
Cap2015Hoegeleg,Cappelli,2015,field,Hoeglundina,elegans,5.75,,-3.89,0.88,,,,,,
Cap2015Hoegeleg,Cappelli,2015,field,Hoeglundina,elegans,5.65,,-7.44,0.83,,,,,,
Cap2015Hoegeleg,Cappelli,2015,field,Hoeglundina,elegans,5.65,,-7.44,0.87,,,,,,
Cap2015Hoegeleg,Cappelli,2015,field,Hoeglundina,elegans,5.65,,-7.44,0.88,,,,,,
Cap2015Hoegeleg,Cappelli,2015,field,Hoeglundina,elegans,5.31,,-8,0.9,,,,,,
Cap2015Hoegeleg,Cappelli,2015,field,Hoeglundina,elegans,5.31,,-8,0.86,,,,,,
Cap2015Hoegeleg,Cappelli,2015,field,Hoeglundina,elegans,5.31,,-8,0.88,,,,,,
Cap2015Hoegeleg,Cappelli,2015,field,Hoeglundina,elegans,4.5,,-11.01,0.7,,,,,,
Cap2015Hoegeleg,Cappelli,2015,field,Hoeglundina,elegans,4.5,,-11.01,0.66,,,,,,
Cap2015Hoegeleg,Cappelli,2015,field,Hoeglundina,elegans,4.5,,-11.01,0.83,,,,,,
Cap2015Hoegeleg,Cappelli,2015,field,Hoeglundina,elegans,4.5,,-11.01,0.66,,,,,,
Cap2015Hoegeleg,Cappelli,2015,field,Hoeglundina,elegans,4.09,,-12.61,0.66,,,,,,
Cap2015Hoegeleg,Cappelli,2015,field,Hoeglundina,elegans,4.09,,-12.61,0.62,,,,,,
Cap2015Hoegeleg,Cappelli,2015,field,Hoeglundina,elegans,3.95,,-15,0.83,,,,,,
Cap2015Hoegeleg,Cappelli,2015,field,Hoeglundina,elegans,3.95,,-15,0.68,,,,,,
Cap2015Hoegeleg,Cappelli,2015,field,Hoeglundina,elegans,3.95,,-15,0.7,,,,,,
Cap2015Hoegeleg,Cappelli,2015,field,Hoeglundina,elegans,3.61,,-15.59,0.58,,,,,,
Cap2015Hoegeleg,Cappelli,2015,field,Hoeglundina,elegans,3.61,,-15.59,0.59,,,,,,
Cap2015Hoegeleg,Cappelli,2015,field,Hoeglundina,elegans,3.47,,-16.96,0.58,,,,,,
Cap2015Hoegeleg,Cappelli,2015,field,Hoeglundina,elegans,3.47,,-16.96,0.59,,,,,,
Cap2015Hoegeleg,Cappelli,2015,field,Hoeglundina,elegans,3.47,,-16.96,0.75,,,,,,
Mar2002Cibwuel,Martin,2002,field,Cibicides,wuellerstorfi,2.6,,,1.16,,,,,,
Mar2002Cibwuel,Martin,2002,field,Cibicides,wuellerstorfi,2.6,,,1.14,,,,,,
Mar2002Cibwuel,Martin,2002,field,Cibicides,wuellerstorfi,2.5,,,1.2,,,,,,
Mar2002Cibwuel,Martin,2002,field,Cibicides,wuellerstorfi,2.2,,,1.16,,,,,,
Mar2002Cibwuel,Martin,2002,field,Cibicides,wuellerstorfi,2.2,,,1.07,,,,,,
Mar2002Cibwuel,Martin,2002,field,Cibicides,wuellerstorfi,2.2,,,1.09,,,,,,
Mar2002Cibwuel,Martin,2002,field,Cibicides,wuellerstorfi,2.1,,,1.01,,,,,,
Mar2002Cibwuel,Martin,2002,field,Cibicides,wuellerstorfi,1.8,,,0.99,,,,,,
Mar2002Cibwuel,Martin,2002,field,Cibicides,wuellerstorfi,1.5,,,0.79,,,,,,
Mar2002Cibwuel,Martin,2002,field,Cibicides,wuellerstorfi,1.5,,,0.72,,,,,,
Mar2002Cibwuel,Martin,2002,field,Cibicides,wuellerstorfi,1.5,,,0.68,,,,,,
Mar2002Cibwuel,Martin,2002,field,Cibicides,wuellerstorfi,2.8,,,1.37,,,,,,
Mar2002Cibwuel,Martin,2002,field,Cibicides,wuellerstorfi,2.7,,,1.29,,,,,,
Mar2002Cibwuel,Martin,2002,field,Cibicides,wuellerstorfi,2.7,,,1.32,,,,,,
Mar2002Cibwuel,Martin,2002,field,Cibicides,wuellerstorfi,2.2,,,1.15,,,,,,
Mar2002Cibwuel,Martin,2002,field,Cibicides,wuellerstorfi,2,,,1.05,,,,,,
Mar2002Cibwuel,Martin,2002,field,Cibicides,wuellerstorfi,1.9,,,1.06,,,,,,
Mar2002Cibwuel,Martin,2002,field,Cibicides,wuellerstorfi,1.9,,,1.12,,,,,,
Mar2002Cibwuel,Martin,2002,field,Cibicides,wuellerstorfi,1.9,,,1.13,,,,,,
Mar2002Cibwuel,Martin,2002,field,Cibicides,wuellerstorfi,1.6,,,0.86,,,,,,
Mar2002Cibwuel,Martin,2002,field,Cibicides,wuellerstorfi,3,,,1.45,,,,,,
Mar2002Cibwuel,Martin,2002,field,Cibicides,wuellerstorfi,3,,,1.46,,,,,,
Mar2002Cibwuel,Martin,2002,field,Cibicides,wuellerstorfi,2.9,,,1.31,,,,,,
Mar2002Cibwuel,Martin,2002,field,Cibicides,wuellerstorfi,2.9,,,1.34,,,,,,
Mar2002Cibwuel,Martin,2002,field,Cibicides,wuellerstorfi,2.7,,,1.22,,,,,,
Mar2002Cibwuel,Martin,2002,field,Cibicides,wuellerstorfi,1.4,,,0.75,,,,,,
Mar2002Cibwuel,Martin,2002,field,Cibicides,wuellerstorfi,-1.1,,,1.11,,,,,,
Rus1994Cibwuel,Russell ,1994,field,Cibicides,wuellerstorfi,2.8,,,2.25,,,,,,
Rus1994Cibwuel,Russell ,1994,field,Cibicides,wuellerstorfi,2.8,,,2.04,,,,,,
Rus1994Cibwuel,Russell ,1994,field,Cibicides,wuellerstorfi,2.6,,,1.86,,,,,,
Rus1994Cibwuel,Russell ,1994,field,Cibicides,wuellerstorfi,2.6,,,1.92,,,,,,
Rus1994Cibwuel,Russell ,1994,field,Cibicides,wuellerstorfi,2.4,,,1.77,,,,,,
Rus1994Cibwuel,Russell ,1994,field,Cibicides,wuellerstorfi,2.3,,,1.46,,,,,,
Rus1994Cibwuel,Russell ,1994,field,Cibicides,wuellerstorfi,2.3,,,1.54,,,,,,
Rus1994Cibwuel,Russell ,1994,field,Cibicides,wuellerstorfi,2.1,,,1.32,,,,,,
Rus1994Cibwuel,Russell ,1994,field,Cibicides,wuellerstorfi,2.1,,,1.32,,,,,,
Rus1994Cibwuel,Russell ,1994,field,Cibicides,wuellerstorfi,1.7,,,1.32,,,,,,
Rus1994Cibwuel,Russell ,1994,field,Cibicides,wuellerstorfi,1.7,,,1.56,,,,,,
Rus1994Cibwuel,Russell ,1994,field,Cibicides,wuellerstorfi,2.8,,,1.69,,,,,,
Rus1994Cibwuel,Russell ,1994,field,Cibicides,wuellerstorfi,2.8,,,1.69,,,,,,
Rus1994Cibwuel,Russell ,1994,field,Cibicides,wuellerstorfi,2.7,,,1.58,,,,,,
Rus1994Cibwuel,Russell ,1994,field,Cibicides,wuellerstorfi,2.7,,,1.65,,,,,,
Ros1997Cibflor,Rosenthal ,1997,field,Cibicides,floridanus,18.38,,,8.28,15,,,,,
Ros1997Cibflor,Rosenthal ,1997,field,Cibicides,floridanus,18.38,,,9.64,15,,,,,
Ros1997Cibflor,Rosenthal ,1997,field,Cibicides,floridanus,18.38,,,8.85,15,,,,,
Ros1997Cibflor,Rosenthal ,1997,field,Cibicides,floridanus,18.38,,,7.68,15,,,,,
Ros1997Cibflor,Rosenthal ,1997,field,Cibicides,floridanus,18.38,,,10.24,15,,,,,
Ros1997Cibflor,Rosenthal ,1997,field,Cibicides,floridanus,16.55,,,6.09,15,,,,,
Ros1997Cibflor,Rosenthal ,1997,field,Cibicides,floridanus,14.2,,,6.51,15,,,,,
Ros1997Cibflor,Rosenthal ,1997,field,Cibicides,floridanus,14.2,,,7.03,15,,,,,
Ros1997Cibflor,Rosenthal ,1997,field,Cibicides,floridanus,13.31,,,4.68,15,,,,,
Ros1997Cibflor,Rosenthal ,1997,field,Cibicides,floridanus,13.31,,,5.94,15,,,,,
Ros1997Cibflor,Rosenthal ,1997,field,Cibicides,floridanus,13.31,,,5.45,15,,,,,
Ros1997Cibflor,Rosenthal ,1997,field,Cibicides,floridanus,13.31,,,4.49,15,,,,,
Ros1997Cibflor,Rosenthal ,1997,field,Cibicides,floridanus,13.31,,,5.56,15,,,,,
Ros1997Cibflor,Rosenthal ,1997,field,Cibicides,floridanus,13.31,,,4.34,15,,,,,
Ros1997Cibflor,Rosenthal ,1997,field,Cibicides,floridanus,11.49,,,3.71,15,,,,,
Ros1997Cibflor,Rosenthal ,1997,field,Cibicides,floridanus,11.49,,,3.95,15,,,,,
Ros1997Cibflor,Rosenthal ,1997,field,Cibicides,floridanus,9.86,,,3.39,15,,,,,
Ros1997Cibflor,Rosenthal ,1997,field,Cibicides,floridanus,8.2,,,3.42,15,,,,,
Ros1997Cibflor,Rosenthal ,1997,field,Cibicides,floridanus,5.34,,,2.5,15,,,,,
Ros1997Cibflor,Rosenthal ,1997,field,Cibicides,floridanus,4.5,,,2.17,15,,,,,
Rai2008Cibwuel,Raitzsch,2008,field,Cibicides,wuellerstorfi,0.86,,-3.43,0.99,5,LA-ICP-MS,,,,
Rai2008Cibwuel,Raitzsch,2008,field,Cibicides,wuellerstorfi,3.88,,46.81,1.98,5,LA-ICP-MS,,,,
Rai2008Cibwuel,Raitzsch,2008,field,Cibicides,wuellerstorfi,2.11,,,1.73,5,LA-ICP-MS,,,,
Rai2008Cibwuel,Raitzsch,2008,field,Cibicides,wuellerstorfi,1.77,,,1.76,5,LA-ICP-MS,,,,
Rai2008Cibwuel,Raitzsch,2008,field,Cibicides,wuellerstorfi,1.68,,,1.4,5,LA-ICP-MS,,,,
Rai2008Cibwuel,Raitzsch,2008,field,Cibicides,wuellerstorfi,0.43,,1.91,0.84,5,LA-ICP-MS,,,,
Rai2008Cibwuel,Raitzsch,2008,field,Cibicides,wuellerstorfi,1.53,,20.7,1.37,5,LA-ICP-MS,,,,
Rai2008Cibwuel,Raitzsch,2008,field,Cibicides,wuellerstorfi,3.59,,,1.51,5,LA-ICP-MS,,,,
Rai2008Cibwuel,Raitzsch,2008,field,Cibicides,wuellerstorfi,3.55,,,1.48,5,LA-ICP-MS,,,,
Rai2008Cibwuel,Raitzsch,2008,field,Cibicides,wuellerstorfi,0.94,,,1.02,5,LA-ICP-MS,,,,
Rai2008Cibwuel,Raitzsch,2008,field,Cibicides,wuellerstorfi,1.2,,20.89,0.94,5,LA-ICP-MS,,,,
Rai2008Cibwuel,Raitzsch,2008,field,Cibicides,wuellerstorfi,1.39,,24.04,1.04,5,LA-ICP-MS,,,,
Rai2008Cibwuel,Raitzsch,2008,field,Cibicides,wuellerstorfi,3.35,,,1.55,5,LA-ICP-MS,,,,
Rai2008Cibwuel,Raitzsch,2008,field,Cibicides,wuellerstorfi,3.81,,,1.43,5,LA-ICP-MS,,,,
Rai2008Cibwuel,Raitzsch,2008,field,Cibicides,wuellerstorfi,0.39,,18.17,0.84,5,LA-ICP-MS,,,,
Rai2008Cibwuel,Raitzsch,2008,field,Cibicides,wuellerstorfi,1.27,,18.7,1.23,5,LA-ICP-MS,,,,
Rai2008Cibwuel,Raitzsch,2008,field,Cibicides,wuellerstorfi,0.93,,,1.15,5,LA-ICP-MS,,,,
Rai2008Cibwuel,Raitzsch,2008,field,Cibicides,wuellerstorfi,0.43,,6.69,0.95,5,LA-ICP-MS,,,,
Rai2008Cibwuel,Raitzsch,2008,field,Cibicides,wuellerstorfi,1.57,,26.98,1.27,5,LA-ICP-MS,,,,
Rai2008Cibwuel,Raitzsch,2008,field,Cibicides,wuellerstorfi,0.92,,15.08,1.17,5,LA-ICP-MS,,,,
Rai2008Cibwuel,Raitzsch,2008,field,Cibicides,wuellerstorfi,2.51,,27.11,1.57,5,LA-ICP-MS,,,,
Rai2008Cibwuel,Raitzsch,2008,field,Cibicides,wuellerstorfi,2.36,,19.55,1.49,5,LA-ICP-MS,,,,
Rai2008Cibwuel,Raitzsch,2008,field,Cibicides,wuellerstorfi,2.43,,25.6,1.3,5,LA-ICP-MS,,,,
Rai2008Cibwuel,Raitzsch,2008,field,Cibicides,wuellerstorfi,2.43,,31.93,1.54,5,LA-ICP-MS,,,,
Rai2008Cibwuel,Raitzsch,2008,field,Cibicides,wuellerstorfi,2.57,,38.74,1.5,5,LA-ICP-MS,,,,
Rai2008Cibwuel,Raitzsch,2008,field,Cibicides,wuellerstorfi,3.16,,,1.2,5,LA-ICP-MS,,,,
Rai2008Cibwuel,Raitzsch,2008,field,Cibicides,wuellerstorfi,3.66,,,1.5,5,LA-ICP-MS,,,,
Rai2008Cibwuel,Raitzsch,2008,field,Cibicides,wuellerstorfi,1.43,,10.5,1.08,5,LA-ICP-MS,,,,
Rai2008Cibwuel,Raitzsch,2008,field,Cibicides,wuellerstorfi,3.46,,39.84,1.34,5,LA-ICP-MS,,,,
Rai2008Cibwuel,Raitzsch,2008,field,Cibicides,wuellerstorfi,2.95,,53.29,1.42,5,LA-ICP-MS,,,,
Rai2008Cibwuel,Raitzsch,2008,field,Cibicides,wuellerstorfi,2.43,,39.55,1.79,5,LA-ICP-MS,,,,
Rai2008Cibwuel,Raitzsch,2008,field,Cibicides,wuellerstorfi,2.36,,,1.16,5,LA-ICP-MS,,,,
Rai2008Cibwuel,Raitzsch,2008,field,Cibicides,wuellerstorfi,2.18,,,1.28,5,LA-ICP-MS,,,,
Rai2008Cibwuel,Raitzsch,2008,field,Cibicides,wuellerstorfi,3.33,,,2.02,5,LA-ICP-MS,,,,
Rai2008Cibwuel,Raitzsch,2008,field,Cibicides,wuellerstorfi,2.91,,,1.07,5,LA-ICP-MS,,,,
Rai2008Cibwuel,Raitzsch,2008,field,Cibicides,wuellerstorfi,2.67,,,1.44,5,LA-ICP-MS,,,,
Rai2008Cibwuel,Raitzsch,2008,field,Cibicides,wuellerstorfi,2.85,,,1.38,5,LA-ICP-MS,,,,
Rai2008Cibwuel,Raitzsch,2008,field,Cibicides,wuellerstorfi,3.05,,,1.33,5,LA-ICP-MS,,,,
Rai2008Cibwuel,Raitzsch,2008,field,Cibicides,wuellerstorfi,3.58,,,1.72,5,LA-ICP-MS,,,,
Rai2008Cibwuel,Raitzsch,2008,field,Cibicides,wuellerstorfi,3.59,,42.93,1.87,5,LA-ICP-MS,,,,
Rai2008Cibwuel,Raitzsch,2008,field,Cibicides,wuellerstorfi,2.35,,46.6,1.74,5,LA-ICP-MS,,,,
Rai2008Cibwuel,Raitzsch,2008,field,Cibicides,wuellerstorfi,2.36,,48.33,1.73,5,LA-ICP-MS,,,,
Rai2008Cibwuel,Raitzsch,2008,field,Cibicides,wuellerstorfi,2.51,,48.45,2.01,5,LA-ICP-MS,,,,
Rai2008Cibwuel,Raitzsch,2008,field,Cibicides,wuellerstorfi,2.41,,41.52,1.58,5,LA-ICP-MS,,,,
Rai2008Cibmund,Raitzsch,2008,field,Cibicides,mundulus,14.85,,,5.47,5,LA-ICP-MS,,,,
Rai2008Cibmund,Raitzsch,2008,field,Cibicides,mundulus,2.11,,,1.52,5,LA-ICP-MS,,,,
Rai2008Cibmund,Raitzsch,2008,field,Cibicides,mundulus,1.68,,,0.95,5,LA-ICP-MS,,,,
Rai2008Cibmund,Raitzsch,2008,field,Cibicides,mundulus,0.43,,1.91,0.52,5,LA-ICP-MS,,,,
Rai2008Cibmund,Raitzsch,2008,field,Cibicides,mundulus,1.53,,20.7,0.71,5,LA-ICP-MS,,,,
Rai2008Cibmund,Raitzsch,2008,field,Cibicides,mundulus,9,,,1.88,5,LA-ICP-MS,,,,
Rai2008Cibmund,Raitzsch,2008,field,Cibicides,mundulus,3.55,,,1.1,5,LA-ICP-MS,,,,
Rai2008Cibmund,Raitzsch,2008,field,Cibicides,mundulus,1.2,,20.89,0.91,5,LA-ICP-MS,,,,
Rai2008Cibmund,Raitzsch,2008,field,Cibicides,mundulus,3.35,,,1.6,5,LA-ICP-MS,,,,
Rai2008Cibmund,Raitzsch,2008,field,Cibicides,mundulus,3.81,,,1.7,5,LA-ICP-MS,,,,
Rai2008Cibmund,Raitzsch,2008,field,Cibicides,mundulus,3.69,,55.43,1.55,5,LA-ICP-MS,,,,
Rai2008Cibmund,Raitzsch,2008,field,Cibicides,mundulus,0.93,,,0.95,5,LA-ICP-MS,,,,
Rai2008Cibmund,Raitzsch,2008,field,Cibicides,mundulus,1.57,,26.98,1.12,5,LA-ICP-MS,,,,
Rai2008Cibmund,Raitzsch,2008,field,Cibicides,mundulus,2.36,,19.55,1.16,5,LA-ICP-MS,,,,
Rai2008Cibmund,Raitzsch,2008,field,Cibicides,mundulus,2.43,,25.6,1.21,5,LA-ICP-MS,,,,
Rai2008Cibmund,Raitzsch,2008,field,Cibicides,mundulus,2.43,,31.93,1.65,5,LA-ICP-MS,,,,
Rai2008Cibmund,Raitzsch,2008,field,Cibicides,mundulus,2.57,,38.74,1.25,5,LA-ICP-MS,,,,
Rai2008Cibmund,Raitzsch,2008,field,Cibicides,mundulus,3.16,,,1.06,5,LA-ICP-MS,,,,
Rai2008Cibmund,Raitzsch,2008,field,Cibicides,mundulus,3.66,,,1.12,5,LA-ICP-MS,,,,
Rai2008Cibmund,Raitzsch,2008,field,Cibicides,mundulus,5.81,,,1.21,5,LA-ICP-MS,,,,
Rai2008Cibmund,Raitzsch,2008,field,Cibicides,mundulus,2.18,,,1.55,5,LA-ICP-MS,,,,
Rai2008Cibmund,Raitzsch,2008,field,Cibicides,mundulus,10.41,,,3.12,5,LA-ICP-MS,,,,
Rai2008Cibmund,Raitzsch,2008,field,Cibicides,mundulus,2.85,,,1.7,5,LA-ICP-MS,,,,
Rai2008Cibmund,Raitzsch,2008,field,Cibicides,mundulus,3.05,,,1.42,5,LA-ICP-MS,,,,
Rai2008Cibmund,Raitzsch,2008,field,Cibicides,mundulus,3.58,,,1.78,5,LA-ICP-MS,,,,
Rai2008Cibmund,Raitzsch,2008,field,Cibicides,mundulus,3.59,,42.93,1.75,5,LA-ICP-MS,,,,
Rai2008Cibmund,Raitzsch,2008,field,Cibicides,mundulus,2.35,,46.6,1.7,5,LA-ICP-MS,,,,
Rai2008Cibmund,Raitzsch,2008,field,Cibicides,mundulus,3.08,,,1.74,5,LA-ICP-MS,,,,
Rai2008Cibmund,Raitzsch,2008,field,Cibicides,mundulus,2.41,,41.52,1.62,5,LA-ICP-MS,,,,
Ana2003Glorubp,Anand,2003,field,Globigerinoides,ruber (pink),21.2511065,36.48,,2.72,,,-0.15,1.09184,250-350,
Ana2003Glorubp,Anand,2003,field,Globigerinoides,ruber (pink),25.27791511,36.29,,3.55,,,-1.12,0.98582,250-350,
Ana2003Glorubp,Anand,2003,field,Globigerinoides,ruber (pink),26.02339107,36.23,,4.63,,,-1.31,0.95234,250-350,
Ana2003Glorubp,Anand,2003,field,Globigerinoides,ruber (pink),23.60901538,36.39,,3.41,,,-0.71,1.04162,250-350,
Ana2003Glorubp,Anand,2003,field,Globigerinoides,ruber (pink),21.98022213,36.46,,2.87,,,-0.32,1.08068,250-350,
Ana2003Glorubp,Anand,2003,field,Globigerinoides,ruber (pink),25.63280054,36.37,,4.55,,,-1.15,1.03046,250-350,
Ana2003Glorubp,Anand,2003,field,Globigerinoides,ruber (pink),30.54233928,36.19,,4.89,,,-2.26,0.93002,250-350,
Ana2003Glorubp,Anand,2003,field,Globigerinoides,ruber (pink),27.09627743,36.29,,3.79,,,-1.5,0.98582,250-350,
Ana2003Glorubp,Anand,2003,field,Globigerinoides,ruber (pink),28.14527699,36.23,,4.26,,,-1.75,0.95234,250-350,
Ana2003Glorubp,Anand,2003,field,Globigerinoides,ruber (pink),26.7793462,36.19,,4.18,,,-1.49,0.93002,250-350,
Ana2003Glorubp,Anand,2003,field,Globigerinoides,ruber (pink),21.65828261,36.46,,2.92,,,-0.25,1.08068,250-350,
Ana2003Glorubp,Anand,2003,field,Globigerinoides,ruber (pink),24.3543257,36.37,,3.75,,,-0.88,1.03046,250-350,
Ana2003Glorubp,Anand,2003,field,Globigerinoides,ruber (pink),26.87558628,36.19,,4.14,,,-1.51,0.93002,250-350,
Ana2003Glorubp,Anand,2003,field,Globigerinoides,ruber (pink),27.49854728,36.26,,4.31,,,-1.6,0.96908,250-350,
Ana2003Glorubp,Anand,2003,field,Globigerinoides,ruber (pink),21.34693761,36.41,,3.34,,,-0.21,1.05278,250-350,
Ana2003Glorubp,Anand,2003,field,Globigerinoides,ruber (pink),22.6324169,36.48,,2.62,,,-0.45,1.09184,250-350,
Ana2003Glorubp,Anand,2003,field,Globigerinoides,ruber (pink),26.13564463,36.29,,4.28,,,-1.3,0.98582,250-350,
Ana2003Glorubp,Anand,2003,field,Globigerinoides,ruber (pink),25.29785496,36.19,,3.95,,,-1.18,0.93002,250-350,
Ana2003Glorubp,Anand,2003,field,Globigerinoides,ruber (pink),22.71976389,36.46,,4.18,,,-0.48,1.08068,250-350,
Ana2003Glorubp,Anand,2003,field,Globigerinoides,ruber (pink),25.11018042,36.37,,3.99,,,-1.04,1.03046,250-350,
Ana2003Glorubp,Anand,2003,field,Globigerinoides,ruber (pink),27.16025016,36.26,,4.43,,,-1.53,0.96908,250-350,
Ana2003Glorubp,Anand,2003,field,Globigerinoides,ruber (pink),27.0200964,36.19,,4.51,,,-1.54,0.93002,250-350,
Ana2003Glorubp,Anand,2003,field,Globigerinoides,ruber (pink),25.06174713,36.28,,4.26,,,-1.08,0.98024,250-350,
Ana2003Glorubp,Anand,2003,field,Globigerinoides,ruber (pink),22.07238485,36.46,,3.46,,,-0.34,1.08068,250-350,
Ana2003Glorubp,Anand,2003,field,Globigerinoides,ruber (pink),23.0968537,36.48,,3.41,,,-0.55,1.09184,350-500,
Ana2003Glorubp,Anand,2003,field,Globigerinoides,ruber (pink),26.47095611,36.29,,3.68,,,-1.37,0.98582,350-500,
Ana2003Glorubp,Anand,2003,field,Globigerinoides,ruber (pink),24.31271398,36.39,,4.53,,,-0.86,1.04162,350-500,
Ana2003Glorubp,Anand,2003,field,Globigerinoides,ruber (pink),22.25695029,36.46,,3.02,,,-0.38,1.08068,350-500,
Ana2003Glorubp,Anand,2003,field,Globigerinoides,ruber (pink),25.96663698,36.37,,3.89,,,-1.22,1.03046,350-500,
Ana2003Glorubp,Anand,2003,field,Globigerinoides,ruber (pink),27.20851832,36.26,,3.52,,,-1.54,0.96908,350-500,
Ana2003Glorubp,Anand,2003,field,Globigerinoides,ruber (pink),27.11653648,36.19,,5.11,,,-1.56,0.93002,350-500,
Ana2003Glorubp,Anand,2003,field,Globigerinoides,ruber (pink),22.21613378,36.48,,3.38,,,-0.36,1.09184,350-500,
Ana2003Glorubp,Anand,2003,field,Globigerinoides,ruber (pink),26.80724759,36.29,,4.42,,,-1.44,0.98582,350-500,
Ana2003Glorubp,Anand,2003,field,Globigerinoides,ruber (pink),27.90220359,36.23,,4.61,,,-1.7,0.95234,350-500,
Ana2003Glorubp,Anand,2003,field,Globigerinoides,ruber (pink),27.55150684,36.19,,4.51,,,-1.65,0.93002,350-500,
Ana2003Glorubp,Anand,2003,field,Globigerinoides,ruber (pink),22.85899797,36.46,,3.2,,,-0.51,1.08068,350-500,
Ana2003Glorubp,Anand,2003,field,Globigerinoides,ruber (pink),25.58518962,36.37,,3.62,,,-1.14,1.03046,350-500,
Ana2003Glorubp,Anand,2003,field,Globigerinoides,ruber (pink),27.20851832,36.26,,3.55,,,-1.54,0.96908,350-500,
Ana2003Glorubp,Anand,2003,field,Globigerinoides,ruber (pink),26.63513608,36.19,,4.78,,,-1.46,0.93002,350-500,
Ana2003Glorubp,Anand,2003,field,Globigerinoides,ruber (pink),21.02692869,36.41,,3.02,,,-0.14,1.05278,350-500,
Ana2003Glorubp,Anand,2003,field,Globigerinoides,ruber (pink),22.77153794,36.48,,3.17,,,-0.48,1.09184,350-500,
Ana2003Glorubp,Anand,2003,field,Globigerinoides,ruber (pink),26.85536923,36.29,,4.28,,,-1.45,0.98582,350-500,
Ana2003Glorubp,Anand,2003,field,Globigerinoides,ruber (pink),26.01230556,36.19,,4.2,,,-1.33,0.93002,350-500,
Ana2003Glorubp,Anand,2003,field,Globigerinoides,ruber (pink),22.76615525,36.46,,3.52,,,-0.49,1.08068,350-500,
Ana2003Glorubp,Anand,2003,field,Globigerinoides,ruber (pink),25.11018042,36.37,,4.49,,,-1.04,1.03046,350-500,
Ana2003Glorubp,Anand,2003,field,Globigerinoides,ruber (pink),27.88637256,36.26,,4.65,,,-1.68,0.96908,350-500,
Ana2003Glorubp,Anand,2003,field,Globigerinoides,ruber (pink),27.16478652,36.19,,4.65,,,-1.57,0.93002,350-500,
Ana2003Glorubp,Anand,2003,field,Globigerinoides,ruber (pink),24.91969569,36.28,,4.61,,,-1.05,0.98024,350-500,
Ana2003Glorubp,Anand,2003,field,Globigerinoides,ruber (pink),20.51649861,36.46,,3.24,,,,1.08068,350-500,
Ana2003Glorubw,Anand,2003,field,Globigerinoides,ruber (white),21.87847536,36.51,,2.98,,,-0.27,1.10858,250-350,
Ana2003Glorubw,Anand,2003,field,Globigerinoides,ruber (white),24.17161426,36.39,,3.75,,,-0.83,1.04162,250-350,
Ana2003Glorubw,Anand,2003,field,Globigerinoides,ruber (white),25.41043882,36.34,,4.56,,,-1.12,1.01372,250-350,
Ana2003Glorubw,Anand,2003,field,Globigerinoides,ruber (white),25.57309963,36.24,,4.77,,,-1.21,0.95792,250-350,
Ana2003Glorubw,Anand,2003,field,Globigerinoides,ruber (white),23.24636195,36.43,,3.86,,,-0.61,1.06394,250-350,
Ana2003Glorubw,Anand,2003,field,Globigerinoides,ruber (white),22.67877058,36.48,,3.05,,,-0.46,1.09184,250-350,
Ana2003Glorubw,Anand,2003,field,Globigerinoides,ruber (white),24.27111789,36.41,,3.61,,,-0.84,1.05278,250-350,
Ana2003Glorubw,Anand,2003,field,Globigerinoides,ruber (white),26.33719307,36.24,,5.25,,,-1.37,0.95792,250-350,
Ana2003Glorubw,Anand,2003,field,Globigerinoides,ruber (white),23.7493951,36.39,,3.71,,,-0.74,1.04162,250-350,
Ana2003Glorubw,Anand,2003,field,Globigerinoides,ruber (white),26.26917274,36.34,,4.88,,,-1.3,1.01372,250-350,
Ana2003Glorubw,Anand,2003,field,Globigerinoides,ruber (white),25.28788459,36.24,,4.56,,,-1.15,0.95792,250-350,
Ana2003Glorubw,Anand,2003,field,Globigerinoides,ruber (white),22.82231553,36.41,,3.54,,,-0.53,1.05278,250-350,
Ana2003Glorubw,Anand,2003,field,Globigerinoides,ruber (white),24.61631037,36.38,,4.35,,,-0.93,1.03604,250-350,
Ana2003Glorubw,Anand,2003,field,Globigerinoides,ruber (white),22.59581163,36.43,,4.14,,,-0.47,1.06394,250-350,
Ana2003Glorubw,Anand,2003,field,Globigerinoides,ruber (white),22.1388838,36.45,,3.22,,,-0.36,1.0751,250-350,
Ana2003Glorubw,Anand,2003,field,Globigerinoides,ruber (white),23.17479584,36.51,,3.07,,,-0.55,1.10858,250-350,
Ana2003Glorubw,Anand,2003,field,Globigerinoides,ruber (white),25.1630923,36.39,,4.56,,,-1.04,1.04162,250-350,
Ana2003Glorubw,Anand,2003,field,Globigerinoides,ruber (white),27.05818067,36.24,,4.98,,,-1.52,0.95792,250-350,
Ana2003Glorubw,Anand,2003,field,Globigerinoides,ruber (white),21.954523,36.45,,3.3,,,-0.32,1.0751,250-350,
Ana2003Glorubw,Anand,2003,field,Globigerinoides,ruber (white),23.42753781,36.41,,3.92,,,-0.66,1.05278,250-350,
Ana2003Glorubw,Anand,2003,field,Globigerinoides,ruber (white),25.99329069,36.38,,4.93,,,-1.22,1.03604,250-350,
Ana2003Glorubw,Anand,2003,field,Globigerinoides,ruber (white),25.31437923,36.25,,4.65,,,-1.15,0.9635,250-350,
Ana2003Glorubw,Anand,2003,field,Globigerinoides,ruber (white),24.39048975,36.33,,4.34,,,-0.91,1.00814,250-350,
Ana2003Glorubw,Anand,2003,field,Globigerinoides,ruber (white),22.3235646,36.45,,3.61,,,-0.4,1.0751,250-350,
Ana2003Glorubw,Anand,2003,field,Globigerinoides,ruber (white),21.84746434,36.48,,3.12,,,-0.28,1.09184,250-350,
Ana2003Glorubw,Anand,2003,field,Globigerinoides,ruber (white),22.01661684,36.51,,2.92,,,-0.3,1.10858,350-500,
Ana2003Glorubw,Anand,2003,field,Globigerinoides,ruber (white),24.40688046,36.39,,3.47,,,-0.88,1.04162,350-500,
Ana2003Glorubw,Anand,2003,field,Globigerinoides,ruber (white),26.50885994,36.34,,4.7,,,-1.35,1.01372,350-500,
Ana2003Glorubw,Anand,2003,field,Globigerinoides,ruber (white),26.09786387,36.24,,4.04,,,-1.32,0.95792,350-500,
Ana2003Glorubw,Anand,2003,field,Globigerinoides,ruber (white),26.07883475,36.43,,4.27,,,-1.21,1.06394,350-500,
Ana2003Glorubw,Anand,2003,field,Globigerinoides,ruber (white),21.89347802,36.48,,2.94,,,-0.29,1.09184,350-500,
Ana2003Glorubw,Anand,2003,field,Globigerinoides,ruber (white),24.74257349,36.41,,4.01,,,-0.94,1.05278,350-500,
Ana2003Glorubw,Anand,2003,field,Globigerinoides,ruber (white),26.57702227,36.24,,5.1,,,-1.42,0.95792,350-500,
Ana2003Glorubw,Anand,2003,field,Globigerinoides,ruber (white),21.78648104,36.51,,2.95,,,-0.25,1.10858,350-500,
Ana2003Glorubw,Anand,2003,field,Globigerinoides,ruber (white),27.1826441,36.34,,4.82,,,-1.49,1.01372,350-500,
Ana2003Glorubw,Anand,2003,field,Globigerinoides,ruber (white),21.75549698,36.48,,3.03,,,-0.26,1.09184,350-500,
Ana2003Glorubw,Anand,2003,field,Globigerinoides,ruber (white),24.60092681,36.41,,3.76,,,-0.91,1.05278,350-500,
Ana2003Glorubw,Anand,2003,field,Globigerinoides,ruber (white),25.32644157,36.38,,4.27,,,-1.08,1.03604,350-500,
Ana2003Glorubw,Anand,2003,field,Globigerinoides,ruber (white),26.14568971,36.24,,4.36,,,-1.33,0.95792,350-500,
Ana2003Glorubw,Anand,2003,field,Globigerinoides,ruber (white),22.68850739,36.43,,3.95,,,-0.49,1.06394,350-500,
Ana2003Glorubw,Anand,2003,field,Globigerinoides,ruber (white),21.8624626,36.45,,3.18,,,-0.3,1.0751,350-500,
Ana2003Glorubw,Anand,2003,field,Globigerinoides,ruber (white),23.6883546,36.51,,3.35,,,-0.66,1.10858,350-500,
Ana2003Glorubw,Anand,2003,field,Globigerinoides,ruber (white),26.64282274,36.39,,4.25,,,-1.35,1.04162,350-500,
Ana2003Glorubw,Anand,2003,field,Globigerinoides,ruber (white),27.15465235,36.24,,4.56,,,-1.54,0.95792,350-500,
Ana2003Glorubw,Anand,2003,field,Globigerinoides,ruber (white),22.647526,36.45,,3.31,,,-0.47,1.0751,350-500,
Ana2003Glorubw,Anand,2003,field,Globigerinoides,ruber (white),21.9395117,36.48,,2.77,,,-0.3,1.09184,350-500,
Ana2003Glorubw,Anand,2003,field,Globigerinoides,ruber (white),25.69148469,36.41,,4.35,,,-1.14,1.05278,350-500,
Ana2003Glorubw,Anand,2003,field,Globigerinoides,ruber (white),27.72604557,36.38,,4.58,,,-1.58,1.03604,350-500,
Ana2003Glorubw,Anand,2003,field,Globigerinoides,ruber (white),26.36393323,36.25,,4.89,,,-1.37,0.9635,350-500,
Ana2003Glorubw,Anand,2003,field,Globigerinoides,ruber (white),24.48472231,36.33,,4.06,,,-0.93,1.00814,350-500,
Ana2003Glorubw,Anand,2003,field,Globigerinoides,ruber (white),22.647526,36.45,,3.47,,,-0.47,1.0751,350-500,
Ana2003Glorubw,Anand,2003,field,Globigerinoides,ruber (white),21.89347802,36.48,,3.12,,,-0.29,1.09184,350-500,
Ana2003Glosac,Anand,2003,field,Globigerinoides,sacculifer,22.71002424,36.51,,3.35,,,-0.45,1.10858,350-500,
Ana2003Glosac,Anand,2003,field,Globigerinoides,sacculifer,27.15465235,36.24,,4.04,,,-1.54,0.95792,350-500,without sac
Ana2003Glosac,Anand,2003,field,Globigerinoides,sacculifer,25.69596346,36.34,,3.29,,,-1.18,1.01372,350-500,without sac
Ana2003Glosac,Anand,2003,field,Globigerinoides,sacculifer,24.95604371,36.24,,3.71,,,-1.08,0.95792,350-500,without sac
Ana2003Glosac,Anand,2003,field,Globigerinoides,sacculifer,21.06829178,36.48,,2.68,,,-0.11,1.09184,350-500,without sac
Ana2003Glosac,Anand,2003,field,Globigerinoides,sacculifer,25.99329069,36.38,,3.56,,,-1.22,1.03604,350-500,without sac
Ana2003Glosac,Anand,2003,field,Globigerinoides,sacculifer,25.81132883,36.24,,3.76,,,-1.26,0.95792,350-500,without sac
Ana2003Glosac,Anand,2003,field,Globigerinoides,sacculifer,22.47838844,36.51,,2.7,,,-0.4,1.10858,350-500,without sac
Ana2003Glosac,Anand,2003,field,Globigerinoides,sacculifer,25.30545202,36.39,,3.61,,,-1.07,1.04162,350-500,without sac
Ana2003Glosac,Anand,2003,field,Globigerinoides,sacculifer,24.76686035,36.24,,3.43,,,-1.04,0.95792,350-500,without sac
Ana2003Glosac,Anand,2003,field,Globigerinoides,sacculifer,26.89234023,36.25,,3.57,,,-1.48,0.9635,350-500,without sac
Ana2003Glosac,Anand,2003,field,Globigerinoides,sacculifer,23.19976407,36.43,,3.87,,,-0.6,1.06394,350-500,without sac
Ana2003Glosac,Anand,2003,field,Globigerinoides,sacculifer,21.75549698,36.48,,3.08,,,-0.26,1.09184,350-500,without sac
Ana2003Glosac,Anand,2003,field,Globigerinoides,sacculifer,24.73709314,36.39,,3.34,,,-0.95,1.04162,350-500,without sac
Ana2003Glosac,Anand,2003,field,Globigerinoides,sacculifer,23.14778445,36.41,,3.44,,,-0.6,1.05278,350-500,with sac
Ana2003Glosac,Anand,2003,field,Globigerinoides,sacculifer,26.14568971,36.24,,4.86,,,-1.33,0.95792,350-500,with sac
Ana2003Glosac,Anand,2003,field,Globigerinoides,sacculifer,24.88884698,36.34,,4.01,,,-1.01,1.01372,350-500,with sac
Ana2003Glosac,Anand,2003,field,Globigerinoides,sacculifer,25.57309963,36.24,,3.91,,,-1.21,0.95792,350-500,with sac
Ana2003Glosac,Anand,2003,field,Globigerinoides,sacculifer,20.5672013,36.48,,2.81,,,,1.09184,350-500,with sac
Ana2003Glosac,Anand,2003,field,Globigerinoides,sacculifer,25.04184909,36.38,,3.69,,,-1.02,1.03604,350-500,with sac
Ana2003Glosac,Anand,2003,field,Globigerinoides,sacculifer,25.76364299,36.24,,4.06,,,-1.25,0.95792,350-500,with sac
Ana2003Glosac,Anand,2003,field,Globigerinoides,sacculifer,22.20108548,36.51,,3.14,,,-0.34,1.10858,350-500,with sac
Ana2003Glosac,Anand,2003,field,Globigerinoides,sacculifer,24.83161962,36.39,,3.84,,,-0.97,1.04162,350-500,with sac
Ana2003Glosac,Anand,2003,field,Globigerinoides,sacculifer,27.22985923,36.25,,4.26,,,-1.55,0.9635,350-500,with sac
Ana2003Glosac,Anand,2003,field,Globigerinoides,sacculifer,24.27657531,36.43,,3.25,,,-0.83,1.06394,350-500,with sac
Ana2003Glosac,Anand,2003,field,Globigerinoides,sacculifer,22.81795162,36.48,,3.34,,,-0.49,1.09184,350-500,with sac
Ana2003Glosac,Anand,2003,field,Globigerinoides,sacculifer,24.73709314,36.39,,3.11,,,-0.95,1.04162,350-500,with sac
Ana2003Planobli,Anand,2003,field,Planoglabratella,obliquiloculata,19.94866795,36.54,,1.73,,,0.17,1.12532,350-500,
Ana2003Planobli,Anand,2003,field,Planoglabratella,obliquiloculata,20.9822969,36.5,,2.57,,,-0.08,1.103,350-500,
Ana2003Planobli,Anand,2003,field,Planoglabratella,obliquiloculata,20.07902325,36.52,,2.07,,,0.13,1.11416,350-501,
Ana2003Planobli,Anand,2003,field,Planoglabratella,obliquiloculata,21.14905642,36.44,,2.61,,,-0.15,1.06952,350-500,
Ana2003Planobli,Anand,2003,field,Planoglabratella,obliquiloculata,19.8027809,36.5,,2.2,,,0.18,1.103,350-500,
Ana2003Planobli,Anand,2003,field,Planoglabratella,obliquiloculata,19.62774005,36.52,,1.96,,,0.23,1.11416,350-500,
Ana2003Planobli,Anand,2003,field,Planoglabratella,obliquiloculata,19.08884021,36.52,,1.74,,,0.35,1.11416,350-500,
Ana2003Planobli,Anand,2003,field,Planoglabratella,obliquiloculata,20.3908489,36.5,,2.05,,,0.05,1.103,350-500,
Ana2003Planobli,Anand,2003,field,Planoglabratella,obliquiloculata,20.66868141,36.52,,1.92,,,,1.11416,350-500,
Ana2003Planobli,Anand,2003,field,Planoglabratella,obliquiloculata,19.94866795,36.54,,1.95,,,0.17,1.12532,350-500,
Ana2003Planobli,Anand,2003,field,Planoglabratella,obliquiloculata,21.79080298,36.44,,2.54,,,-0.29,1.06952,350-500,
Ana2003Planobli,Anand,2003,field,Planoglabratella,obliquiloculata,19.67277837,36.52,,2.08,,,0.22,1.11416,350-500,
Ana2003Planobli,Anand,2003,field,Planoglabratella,obliquiloculata,19.44778677,36.52,,2,,,0.27,1.11416,350-500,
Ana2003Planobli,Anand,2003,field,Planoglabratella,obliquiloculata,21.2106769,36.5,,2.2,,,-0.13,1.103,350-500,
Ana2003Planobli,Anand,2003,field,Planoglabratella,obliquiloculata,19.98860661,36.52,,2.17,,,0.15,1.11416,350-500,
Ana2003Planobli,Anand,2003,field,Planoglabratella,obliquiloculata,20.62320309,36.52,,2.07,,,0.01,1.11416,350-500,
Ana2003Neodut,Anand,2003,field,Neogloboquadrina,dutertrei,19.36313963,36.54,,1.91,,,0.3,1.12532,350-500,
Ana2003Neodut,Anand,2003,field,Neogloboquadrina,dutertrei,20.04004387,36.63,,1.77,,,0.2,1.17554,350-500,
Ana2003Neodut,Anand,2003,field,Neogloboquadrina,dutertrei,20.9366809,36.5,,2.21,,,-0.07,1.103,350-500,
Ana2003Neodut,Anand,2003,field,Neogloboquadrina,dutertrei,19.40284845,36.52,,2.35,,,0.28,1.11416,350-500,
Ana2003Neodut,Anand,2003,field,Neogloboquadrina,dutertrei,21.86347483,36.54,,2.26,,,-0.25,1.12532,350-500,
Ana2003Neodut,Anand,2003,field,Neogloboquadrina,dutertrei,23.27237226,36.44,,2.96,,,-0.61,1.06952,350-500,
Ana2003Neodut,Anand,2003,field,Neogloboquadrina,dutertrei,20.6179289,36.5,,2.56,,,,1.103,350-500,
Ana2003Neodut,Anand,2003,field,Neogloboquadrina,dutertrei,19.17845685,36.52,,2.62,,,0.33,1.11416,350-500,
Ana2003Neodut,Anand,2003,field,Neogloboquadrina,dutertrei,18.42442619,36.54,,2.32,,,0.51,1.12532,350-500,
Ana2003Neodut,Anand,2003,field,Neogloboquadrina,dutertrei,21.42361066,36.44,,3.01,,,-0.21,1.06952,350-500,
Ana2003Neodut,Anand,2003,field,Neogloboquadrina,dutertrei,19.04406189,36.52,,2.09,,,0.36,1.11416,350-500,
Ana2003Neodut,Anand,2003,field,Neogloboquadrina,dutertrei,18.68655533,36.52,,2.37,,,0.44,1.11416,350-500,
Ana2003Neodut,Anand,2003,field,Neogloboquadrina,dutertrei,23.17917418,36.44,,2.47,,,-0.59,1.06952,350-500,
Ana2003Neodut,Anand,2003,field,Neogloboquadrina,dutertrei,19.36313963,36.54,,2.33,,,0.3,1.12532,350-500,
Ana2003Neodut,Anand,2003,field,Neogloboquadrina,dutertrei,21.49703843,36.63,,2.35,,,-0.12,1.17554,350-500,
Ana2003Neodut,Anand,2003,field,Neogloboquadrina,dutertrei,21.83679202,36.44,,2.15,,,-0.3,1.06952,350-500,
Ana2003Neodut,Anand,2003,field,Neogloboquadrina,dutertrei,19.44778677,36.52,,2.47,,,0.27,1.11416,350-500,
Ana2003Neodut,Anand,2003,field,Neogloboquadrina,dutertrei,18.86514861,36.52,,1.99,,,0.4,1.11416,350-500,
Ana2003Neodut,Anand,2003,field,Neogloboquadrina,dutertrei,23.0557169,36.5,,2.56,,,-0.53,1.103,350-500,
Ana2003Neodut,Anand,2003,field,Neogloboquadrina,dutertrei,20.12426157,36.52,,1.52,,,0.12,1.11416,350-500,
Ana2003Neodut,Anand,2003,field,Neogloboquadrina,dutertrei,19.04406189,36.52,,1.94,,,0.36,1.11416,350-500,
Ana2003Glocon,Anand,2003,field,Globigerinoides,conglobatus,23.7863917,36.44,,2.64,,,-0.72,1.06952,350-500,
Ana2003Glocon,Anand,2003,field,Globigerinoides,conglobatus,22.97349019,36.54,,2.39,,,-0.49,1.12532,350-500,
Ana2003Glocon,Anand,2003,field,Globigerinoides,conglobatus,21.56115778,36.44,,5.29,,,-0.24,1.06952,350-500,
Ana2003Glocon,Anand,2003,field,Globigerinoides,conglobatus,20.60210794,36.44,,2.55,,,-0.03,1.06952,350-500,
Ana2003Glocon,Anand,2003,field,Globigerinoides,conglobatus,21.9288301,36.44,,3.07,,,-0.32,1.06952,350-500,
Ana2003Glocon,Anand,2003,field,Globigerinoides,conglobatus,20.70362234,36.48,,3.02,,,-0.03,1.09184,350-500,
Ana2003Glocon,Anand,2003,field,Globigerinoides,conglobatus,21.2106769,36.5,,2.95,,,-0.13,1.103,350-500,
Ana2003Glocon,Anand,2003,field,Globigerinoides,conglobatus,24.04261877,36.52,,2.78,,,-0.73,1.11416,350-500,
Ana2003Gloinf,Anand,2003,field,Globorotalia,inflata,18.61707984,36.51,,1.55,,,0.45,1.10858,350-500,
Ana2003Gloinf,Anand,2003,field,Globorotalia,inflata,20.51649861,36.46,,1.95,,,,1.08068,350-500,
Ana2003Gloinf,Anand,2003,field,Globorotalia,inflata,20.69406701,36.53,,1.79,,,,1.11974,350-500,
Ana2003Gloinf,Anand,2003,field,Globorotalia,inflata,18.84539833,36.53,,1.77,,,0.41,1.11974,350-500,
Ana2003Gloinf,Anand,2003,field,Globorotalia,inflata,18.0145409,36.5,,1.6,,,0.58,1.103,350-500,
Ana2003Gloinf,Anand,2003,field,Globorotalia,inflata,17.9949596,36.51,,1.76,,,0.59,1.10858,350-500,
Ana2003Gloinf,Anand,2003,field,Globorotalia,inflata,19.16285781,36.46,,1.74,,,0.3,1.08068,350-500,
Ana2003Gloinf,Anand,2003,field,Globorotalia,inflata,18.9493769,36.5,,1.74,,,0.37,1.103,350-500,
Ana2003Gloinf,Anand,2003,field,Globorotalia,inflata,18.13308665,36.53,,1.67,,,0.57,1.11974,350-500,
Ana2003Gloinf,Anand,2003,field,Globorotalia,inflata,17.86215812,36.51,,1.55,,,0.62,1.10858,350-500,
Ana2003Gloinf,Anand,2003,field,Globorotalia,inflata,18.47827451,36.49,,1.51,,,0.47,1.09742,350-500,
Ana2003Gloinf,Anand,2003,field,Globorotalia,inflata,17.82306029,36.53,,1.61,,,0.64,1.11974,350-500,
Ana2003Gloinf,Anand,2003,field,Globorotalia,inflata,18.30037515,36.49,,1.54,,,0.51,1.09742,350-500,
Ana2003Gloinf,Anand,2003,field,Globorotalia,inflata,18.13308665,36.53,,1.62,,,0.57,1.11974,350-500,
Ana2003Glotrun,Anand,2003,field,Globorotalia,truncatulinoides,17.74393946,36.48,,1.73,,,0.63,1.09184,350-500,
Ana2003Glotrun,Anand,2003,field,Globorotalia,truncatulinoides,17.64122232,36.51,,1.97,,,0.67,1.10858,350-500,
Ana2003Glotrun,Anand,2003,field,Globorotalia,truncatulinoides,18.8745336,36.47,,1.76,,,0.37,1.08626,350-500,
Ana2003Glotrun,Anand,2003,field,Globorotalia,truncatulinoides,19.08884021,36.52,,1.63,,,0.35,1.11416,350-500,
Ana2003Glotrun,Anand,2003,field,Globorotalia,truncatulinoides,18.17230824,36.51,,1.99,,,0.55,1.10858,350-500,
Ana2003Glotrun,Anand,2003,field,Globorotalia,truncatulinoides,17.80767312,36.47,,1.72,,,0.61,1.08626,350-500,
Ana2003Glotrun,Anand,2003,field,Globorotalia,truncatulinoides,17.10792447,36.49,,1.7,,,0.78,1.09742,350-500,
Ana2003Glotrun,Anand,2003,field,Globorotalia,truncatulinoides,17.34709634,36.48,,1.71,,,0.72,1.09184,350-500,
Ana2003Glotrun,Anand,2003,field,Globorotalia,truncatulinoides,18.75090132,36.51,,1.89,,,0.42,1.10858,350-500,
Ana2003Glotrun,Anand,2003,field,Globorotalia,truncatulinoides,17.69464293,36.46,,1.71,,,0.63,1.08068,350-500,
Ana2003Glotrun,Anand,2003,field,Globorotalia,truncatulinoides,18.30455211,36.42,,1.66,,,0.47,1.05836,350-500,
Ana2003Glotrun,Anand,2003,field,Globorotalia,truncatulinoides,18.25079832,36.47,,1.74,,,0.51,1.08626,350-500,
Ana2003Glotrun,Anand,2003,field,Globorotalia,truncatulinoides,17.68024739,36.49,,1.71,,,0.65,1.09742,350-500,
Ana2003Glotrun,Anand,2003,field,Globorotalia,truncatulinoides,17.18143245,36.52,,1.74,,,0.78,1.11416,350-500,
Ana2003Glotrun,Anand,2003,field,Globorotalia,truncatulinoides,17.7737238,36.51,,2.18,,,0.64,1.10858,350-500,
Ana2003Glotrun,Anand,2003,field,Globorotalia,truncatulinoides,17.76859707,36.49,,1.86,,,0.63,1.09742,350-500,
Ana2003Glotrun,Anand,2003,field,Globorotalia,truncatulinoides,16.89281707,36.42,,1.88,,,0.79,1.05836,350-500,
Ana2003Glotrun,Anand,2003,field,Globorotalia,truncatulinoides,17.27856288,36.47,,2.43,,,0.73,1.08626,350-500,
Ana2003Glotrun,Anand,2003,field,Globorotalia,truncatulinoides,17.02017479,36.49,,1.54,,,0.8,1.09742,350-500,
Ana2003Glotrun,Anand,2003,field,Globorotalia,truncatulinoides,17.92083418,36.48,,2.01,,,0.59,1.09184,350-500,
Ana2003Glotrun,Anand,2003,field,Globorotalia,truncatulinoides,17.98982127,36.49,,1.69,,,0.58,1.09742,350-500,
Ana2003Glotrun,Anand,2003,field,Globorotalia,truncatulinoides,17.48942069,36.52,,1.7,,,0.71,1.11416,350-500,
Ana2003Glotrun,Anand,2003,field,Globorotalia,truncatulinoides,17.37675936,36.51,,1.95,,,0.73,1.10858,350-500,
Ana2003Glotrun,Anand,2003,field,Globorotalia,truncatulinoides,18.47827451,36.49,,2.21,,,0.47,1.09742,350-500,
Ana2003Glotrun,Anand,2003,field,Globorotalia,truncatulinoides,16.09859484,36.47,,1.7,,,1,1.08626,350-500,
Ana2003Glotrun,Anand,2003,field,Globorotalia,truncatulinoides,18.48762306,36.44,,1.72,,,0.44,1.06952,350-500,
Ana2003Glotrun,Anand,2003,field,Globorotalia,truncatulinoides,17.90127159,36.49,,1.81,,,0.6,1.09742,350-500,
Ana2003Glotrun,Anand,2003,field,Globorotalia,truncatulinoides,17.35730573,36.52,,1.67,,,0.74,1.11416,350-500,
Ana2003Glotrun,Anand,2003,field,Globorotalia,truncatulinoides,20.59256199,36.49,,1.72,,,,1.09742,500-1000,
Ana2003Glotrun,Anand,2003,field,Globorotalia,truncatulinoides,17.27856288,36.47,,1.7,,,0.73,1.08626,500-1000,
Ana2003Glotrun,Anand,2003,field,Globorotalia,truncatulinoides,17.10792447,36.49,,1.79,,,0.78,1.09742,500-1000,
Ana2003Glotrun,Anand,2003,field,Globorotalia,truncatulinoides,16.7767385,36.48,,1.85,,,0.85,1.09184,500-1000,
Ana2003Glotrun,Anand,2003,field,Globorotalia,truncatulinoides,17.76859707,36.49,,1.65,,,0.63,1.09742,500-1000,
Ana2003Glotrun,Anand,2003,field,Globorotalia,truncatulinoides,17.48942069,36.52,,1.56,,,0.71,1.11416,500-1000,
Ana2003Glotrun,Anand,2003,field,Globorotalia,truncatulinoides,17.10792447,36.49,,2.15,,,0.78,1.09742,500-1000,
Ana2003Glotrun,Anand,2003,field,Globorotalia,truncatulinoides,18.26527786,36.44,,1.55,,,0.49,1.06952,500-1000,
Ana2003Glotrun,Anand,2003,field,Globorotalia,truncatulinoides,17.59197771,36.49,,1.7,,,0.67,1.09742,500-1000,
Ana2003Glotrun,Anand,2003,field,Globorotalia,truncatulinoides,18.15269549,36.52,,1.56,,,0.56,1.11416,500-1000,
Ana2003Glohirs,Anand,2003,field,Globorotalia,hirsuta,14.37661192,35.95,,1.55,,,1.11,0.7961,350-500,
Ana2003Glohirs,Anand,2003,field,Globorotalia,hirsuta,13.2565757,35.53,,1.62,,,1.14,0.56174,350-500,
Ana2003Glohirs,Anand,2003,field,Globorotalia,hirsuta,15.38649108,35.96,,1.51,,,0.88,0.80168,350-500,
Ana2003Glohirs,Anand,2003,field,Globorotalia,hirsuta,14.52347043,35.94,,1.57,,,1.07,0.79052,350-500,
Ana2003Glohirs,Anand,2003,field,Globorotalia,hirsuta,13.90886772,35.95,,1.82,,,1.22,0.7961,350-500,
Ana2003Glohirs,Anand,2003,field,Globorotalia,hirsuta,14.96143441,35.98,,2.12,,,0.99,0.81284,350-500,
Ana2003Glohirs,Anand,2003,field,Globorotalia,hirsuta,19.03197517,35.87,,1.64,,,,0.75146,350-500,
Ana2003Glohirs,Anand,2003,field,Globorotalia,hirsuta,14.95148083,35.94,,1.55,,,0.97,0.79052,350-500,
Ana2003Glohirs,Anand,2003,field,Globorotalia,hirsuta,12.87845438,35.53,,1.41,,,1.23,0.56174,350-500,
Ana2003Glohirs,Anand,2003,field,Globorotalia,hirsuta,15.73195796,35.96,,1.54,,,0.8,0.80168,350-500,
Ana2003Glohirs,Anand,2003,field,Globorotalia,hirsuta,13.50440547,35.94,,1.67,,,1.31,0.79052,350-500,
Ana2003Glohirs,Anand,2003,field,Globorotalia,hirsuta,13.52796792,35.95,,1.66,,,1.31,0.7961,350-500,
Ana2003Glohirs,Anand,2003,field,Globorotalia,hirsuta,13.81027105,35.98,,1.35,,,1.26,0.81284,350-500,
Ana2003Glohirs,Anand,2003,field,Globorotalia,hirsuta,14.44211857,35.87,,1.62,,,1.05,0.75146,350-500,
Ana2003Glohirs,Anand,2003,field,Globorotalia,hirsuta,13.2565757,35.53,,1.48,,,1.14,0.56174,350-500,
Ana2003Glohirs,Anand,2003,field,Globorotalia,hirsuta,15.21423764,35.96,,1.82,,,0.92,0.80168,350-500,
Ana2003Glohirs,Anand,2003,field,Globorotalia,hirsuta,15.22826432,35.93,,1.72,,,0.9,0.78494,350-500,
Ana2003Glohirs,Anand,2003,field,Globorotalia,hirsuta,14.91262069,35.87,,1.39,,,0.94,0.75146,350-500,
Ana2003Glohirs,Anand,2003,field,Globorotalia,hirsuta,13.59404354,35.53,,1.59,,,1.06,0.56174,350-500,
Ana2003Glocra,Anand,2003,field,Globorotalia,crassiformis,18.99339697,35.98,,1.63,,,0.07,0.81284,350-500,
Ana2003Glocra,Anand,2003,field,Globorotalia,crassiformis,15.82354801,35.98,,1.55,,,0.79,0.81284,350-500,
Ana2003Glocra,Anand,2003,field,Globorotalia,crassiformis,15.60130741,35.87,,1.91,,,0.78,0.75146,350-500,
Ana2003Glocra,Anand,2003,field,Globorotalia,crassiformis,14.75614564,35.93,,1.65,,,1.01,0.78494,350-500,
Ana2003Glocra,Anand,2003,field,Globorotalia,crassiformis,14.96143441,35.98,,1.55,,,0.99,0.81284,350-500,
Ana2003Orbuni,Anand,2003,field,Orbulina,universa,20.85608075,36.54,,5.91,,,-0.03,1.12532,350-500,
Ana2003Orbuni,Anand,2003,field,Orbulina,universa,21.81848599,36.63,,4.26,,,-0.19,1.17554,350-500,
Ana2003Orbuni,Anand,2003,field,Orbulina,universa,22.7261647,36.57,,4.36,,,-0.42,1.14206,350-500,
Ana2003Orbuni,Anand,2003,field,Orbulina,universa,20.26009653,36.52,,5.49,,,0.09,1.11416,350-500,
Ana2003Orbuni,Anand,2003,field,Orbulina,universa,22.32458123,36.54,,8.5,,,-0.35,1.12532,350-500,
Ana2003Orbuni,Anand,2003,field,Orbulina,universa,23.23760002,36.57,,4.53,,,-0.53,1.14206,350-500,
Ana2003Orbuni,Anand,2003,field,Orbulina,universa,23.45900842,36.44,,4.9,,,-0.65,1.06952,350-500,
Ana2003Orbuni,Anand,2003,field,Orbulina,universa,20.26009653,36.52,,4.53,,,0.09,1.11416,350-500,
Ana2003Orbuni,Anand,2003,field,Orbulina,universa,20.12951051,36.54,,5.24,,,0.13,1.12532,350-500,
Ana2003Orbuni,Anand,2003,field,Orbulina,universa,21.64432344,36.58,,4.69,,,-0.18,1.14764,350-500,
Ana2003Orbuni,Anand,2003,field,Orbulina,universa,23.45900842,36.44,,5.6,,,-0.65,1.06952,350-500,
Ana2003Orbuni,Anand,2003,field,Orbulina,universa,23.25279403,36.54,,4.24,,,-0.55,1.12532,350-500,
Ana2003Orbuni,Anand,2003,field,Orbulina,universa,25.01096674,36.44,,5.55,,,-0.98,1.06952,350-500,
Ana2003Orbuni,Anand,2003,field,Orbulina,universa,24.15290856,36.58,,4.54,,,-0.72,1.14764,350-500,
Ana2003Orbuni,Anand,2003,field,Orbulina,universa,23.51655682,36.48,,6.67,,,-0.64,1.09184,350-500,
Ana2003Orbuni,Anand,2003,field,Orbulina,universa,24.3192089,36.5,,5.69,,,-0.8,1.103,350-500,
Ana2003Orbuni,Anand,2003,field,Orbulina,universa,26.79926133,36.52,,3.22,,,-1.31,1.11416,350-500,
Ana2003Orbuni,Anand,2003,field,Orbulina,universa,23.25381947,36.63,,5.7,,,-0.5,1.17554,500-1000,
Ana2003Orbuni,Anand,2003,field,Orbulina,universa,24.3618589,36.57,,5.82,,,-0.77,1.14206,500-1000,
Ana2003Orbuni,Anand,2003,field,Orbulina,universa,22.23219995,36.54,,5.28,,,-0.33,1.12532,500-1000,
Ana2003Orbuni,Anand,2003,field,Orbulina,universa,20.6591293,36.57,,5.64,,,0.03,1.14206,500-1000,
Ana2003Orbuni,Anand,2003,field,Orbulina,universa,24.67106664,36.58,,6,,,-0.83,1.14764,500-1000,
Ana2003Orbuni,Anand,2003,field,Orbulina,universa,24.2557821,36.44,,7.39,,,-0.82,1.06952,500-1000,
Ana2003Orbuni,Anand,2003,field,Orbulina,universa,20.49215563,36.54,,5.06,,,0.05,1.12532,500-1000,
Ana2003Orbuni,Anand,2003,field,Orbulina,universa,23.25381947,36.63,,6.4,,,-0.5,1.17554,500-1000,
Ana2003Orbuni,Anand,2003,field,Orbulina,universa,20.03380493,36.52,,5.22,,,0.14,1.11416,500-1000,
Ana2003Orbuni,Anand,2003,field,Orbulina,universa,23.01999083,36.54,,5.66,,,-0.5,1.12532,500-1000,
Ana2003Orbuni,Anand,2003,field,Orbulina,universa,24.67106664,36.58,,6,,,-0.83,1.14764,500-1000,
Ana2003Orbuni,Anand,2003,field,Orbulina,universa,25.30649666,36.48,,7.01,,,-1.02,1.09184,500-1000,
Ana2003Orbuni,Anand,2003,field,Orbulina,universa,25.6925329,36.5,,5.66,,,-1.09,1.103,500-1000,
Ana2003Orbuni,Anand,2003,field,Orbulina,universa,20.12426157,36.52,,5.12,,,0.12,1.11416,500-1000,
Ana2003Orbuni,Anand,2003,field,Orbulina,universa,22.51060219,36.63,,5.05,,,-0.34,1.17554,500-1000,thick test
Ana2003Orbuni,Anand,2003,field,Orbulina,universa,25.3075413,36.57,,8.21,,,-0.97,1.14206,500-1000,thick test
Ana2003Orbuni,Anand,2003,field,Orbulina,universa,20.71945883,36.54,,4.94,,,,1.12532,500-1000,thick test
Ana2003Orbuni,Anand,2003,field,Orbulina,universa,21.3436411,36.57,,6.25,,,-0.12,1.14206,500-1000,thick test
Ana2003Orbuni,Anand,2003,field,Orbulina,universa,20.593562,36.58,,4.79,,,0.05,1.14764,500-1000,thick test
Ana2003Orbuni,Anand,2003,field,Orbulina,universa,21.58777099,36.54,,5.76,,,-0.19,1.12532,500-1000,thick test
Ana2003Orbuni,Anand,2003,field,Orbulina,universa,24.28410323,36.63,,7.33,,,-0.72,1.17554,500-1000,thick test
Ana2003Orbuni,Anand,2003,field,Orbulina,universa,23.59919554,36.44,,5.66,,,-0.68,1.06952,500-1000,thick test
Ana2003Orbuni,Anand,2003,field,Orbulina,universa,19.54294219,36.54,,5.08,,,0.26,1.12532,500-1000,thick test
Ana2003Orbuni,Anand,2003,field,Orbulina,universa,21.736194,36.58,,5.4,,,-0.2,1.14764,500-1000,thick test
Ana2003Orbuni,Anand,2003,field,Orbulina,universa,23.65681786,36.48,,8.77,,,-0.67,1.09184,500-1000,thick test
Ana2003Orbuni,Anand,2003,field,Orbulina,universa,24.4604969,36.5,,7.33,,,-0.83,1.103,500-1000,thick test
Ana2003Orbuni,Anand,2003,field,Orbulina,universa,20.39611149,36.52,,4.25,,,0.06,1.11416,500-1000,thick test
Ana2003Gloaeq,Anand,2003,field,Globigerina,aequilateralis,19.81324603,36.54,,3.38,,,0.2,1.12532,350-500,
Ana2003Gloaeq,Anand,2003,field,Globigerina,aequilateralis,20.24632373,36.64,,3.62,,,0.16,1.18112,350-500,
Ana2003Gloaeq,Anand,2003,field,Globigerina,aequilateralis,23.84514358,36.57,,4.58,,,-0.66,1.14206,350-500,
Ana2003Gloaeq,Anand,2003,field,Globigerina,aequilateralis,23.27339789,36.53,,3.73,,,-0.56,1.11974,350-500,
Ana2003Gloaeq,Anand,2003,field,Globigerina,aequilateralis,20.09901612,36.51,,3.37,,,0.12,1.10858,350-500,
Ana2003Gloaeq,Anand,2003,field,Globigerina,aequilateralis,21.08418395,36.54,,3.67,,,-0.08,1.12532,350-500,
Ana2003Gloaeq,Anand,2003,field,Globigerina,aequilateralis,20.79567166,36.57,,3.67,,,,1.14206,350-500,
Ana2003Gloaeq,Anand,2003,field,Globigerina,aequilateralis,22.62602166,36.37,,4.5,,,-0.51,1.03046,350-500,
Ana2003Gloaeq,Anand,2003,field,Globigerina,aequilateralis,22.71540413,36.53,,3.99,,,-0.44,1.11974,350-500,
Ana2003Gloaeq,Anand,2003,field,Globigerina,aequilateralis,20.35075317,36.52,,3.12,,,0.07,1.11416,350-500,
Ana2003Gloaeq,Anand,2003,field,Globigerina,aequilateralis,19.67800411,36.54,,3.3,,,0.23,1.12532,350-500,
Ana2003Gloaeq,Anand,2003,field,Globigerina,aequilateralis,21.29356525,36.64,,3.47,,,-0.07,1.18112,350-500,
Ana2003Gloaeq,Anand,2003,field,Globigerina,aequilateralis,22.58710234,36.57,,4.21,,,-0.39,1.14206,350-500,
Ana2003Gloaeq,Anand,2003,field,Globigerina,aequilateralis,23.1835527,36.37,,3.9,,,-0.63,1.03046,350-500,
Ana2003Gloaeq,Anand,2003,field,Globigerina,aequilateralis,22.34500829,36.53,,3.81,,,-0.36,1.11974,350-500,
Ana2003Gloaeq,Anand,2003,field,Globigerina,aequilateralis,19.85313165,36.52,,3.39,,,0.18,1.11416,350-500,
Ana2003Gloaeq,Anand,2003,field,Globigerina,aequilateralis,19.46765588,36.51,,2.77,,,0.26,1.10858,350-500,
Ana2003Gloaeq,Anand,2003,field,Globigerina,aequilateralis,20.17477115,36.54,,3.67,,,0.12,1.12532,350-500,
Ana2003Gloaeq,Anand,2003,field,Globigerina,aequilateralis,20.99817596,36.56,,4,,,-0.05,1.13648,350-500,
Ana2003Gloaeq,Anand,2003,field,Globigerina,aequilateralis,22.90442718,36.37,,4.62,,,-0.57,1.03046,350-500,
Ana2003Gloaeq,Anand,2003,field,Globigerina,aequilateralis,20.69406701,36.53,,3.77,,,,1.11974,350-500,
Ana2003Gloaeq,Anand,2003,field,Globigerina,aequilateralis,21.58244781,36.52,,2.97,,,-0.2,1.11416,350-500,
Ana2003Gloaeq,Anand,2003,field,Globigerina,aequilateralis,21.67959227,36.54,,3.25,,,-0.21,1.12532,350-500,
Ana2003Gloaeq,Anand,2003,field,Globigerina,aequilateralis,22.07441333,36.64,,3.34,,,-0.24,1.18112,350-500,
Ana2003Gloaeq,Anand,2003,field,Globigerina,aequilateralis,22.57969074,36.37,,3.94,,,-0.5,1.03046,350-500,
Ana2003Gloaeq,Anand,2003,field,Globigerina,aequilateralis,20.81052011,36.54,,3.35,,,-0.02,1.12532,350-500,
Ana2003Gloaeq,Anand,2003,field,Globigerina,aequilateralis,20.55238772,36.51,,3.78,,,0.02,1.10858,350-500,
Ana2003Gloaeq,Anand,2003,field,Globigerina,aequilateralis,20.85608075,36.54,,3.5,,,-0.03,1.12532,350-500,
Ana2003Gloaeq,Anand,2003,field,Globigerina,aequilateralis,21.6389974,36.56,,3.78,,,-0.19,1.13648,350-500,
Ana2003Gloaeq,Anand,2003,field,Globigerina,aequilateralis,20.5566589,36.44,,3.95,,,-0.02,1.06952,350-500,
Ana2003Gloaeq,Anand,2003,field,Globigerina,aequilateralis,22.2827226,36.47,,3.84,,,-0.38,1.08626,350-500,
Ana2003Gloaeq,Anand,2003,field,Globigerina,aequilateralis,20.81052011,36.54,,3.69,,,-0.02,1.12532,350-500,
Ana2003Gloaeq,Anand,2003,field,Globigerina,aequilateralis,20.41616624,36.51,,3.2,,,0.05,1.10858,350-500,
Ana2003Gloaeq,Anand,2003,field,Globigerina,aequilateralis,20.97371957,36.64,,3.49,,,0,1.18112,500-1000,
Ana2003Gloaeq,Anand,2003,field,Globigerina,aequilateralis,23.14443178,36.57,,4.8,,,-0.51,1.14206,500-1000,
Ana2003Gloaeq,Anand,2003,field,Globigerina,aequilateralis,20.85608075,36.54,,4.44,,,-0.03,1.12532,500-1000,
Ana2003Gloaeq,Anand,2003,field,Globigerina,aequilateralis,26.2535625,36.37,,4.59,,,-1.28,1.03046,500-1000,
Ana2003Gloaeq,Anand,2003,field,Globigerina,aequilateralis,22.85797626,36.37,,4.09,,,-0.56,1.03046,500-1000,
Ana2003Gloaeq,Anand,2003,field,Globigerina,aequilateralis,21.88381349,36.53,,4.01,,,-0.26,1.11974,500-1000,
Ana2003Gloaeq,Anand,2003,field,Globigerina,aequilateralis,19.62774005,36.52,,3.18,,,0.23,1.11416,500-1000,
Ana2003Gloaeq,Anand,2003,field,Globigerina,aequilateralis,20.58301691,36.54,,5.01,,,0.03,1.12532,500-1000,
Ana2003Gloaeq,Anand,2003,field,Globigerina,aequilateralis,20.88251509,36.64,,3.47,,,0.02,1.18112,500-1000,
Ana2003Gloaeq,Anand,2003,field,Globigerina,aequilateralis,20.62847755,36.54,,3.42,,,0.02,1.12532,500-1000,
Ana2003Gloaeq,Anand,2003,field,Globigerina,aequilateralis,20.59783488,36.51,,3.32,,,0.01,1.10858,500-1000,
Ana2003Gloaeq,Anand,2003,field,Globigerina,aequilateralis,21.91483516,36.56,,4.58,,,-0.25,1.13648,500-1000,
Ana2003Gloaeq,Anand,2003,field,Globigerina,aequilateralis,20.01283042,36.44,,4.81,,,0.1,1.06952,500-1000,
Ana2003Gloaeq,Anand,2003,field,Globigerina,aequilateralis,21.86779992,36.47,,4,,,-0.29,1.08626,500-1000,
Ana2003Gloaeq,Anand,2003,field,Globigerina,aequilateralis,19.3328744,36.51,,4.36,,,0.29,1.10858,500-1000,
Nur1996Glosac,Nurnberg,1996,field,Globigerinoides,sacculifer,19.5,,,1.55,,,,,,
Nur1996Glosac,Nurnberg,1996,field,Globigerinoides,sacculifer,23.5,,,1.91,,,,,,
Nur1996Glosac,Nurnberg,1996,field,Globigerinoides,sacculifer,26.5,,,2.4,,,,,,
Nur1996Glosac,Nurnberg,1996,field,Globigerinoides,sacculifer,29.5,,,3.06,,,,,,
Nur1996Glosac,Nurnberg,1996,field,Globigerinoides,sacculifer,19.5,,,1.2,,,,,,
Nur1996Glosac,Nurnberg,1996,field,Globigerinoides,sacculifer,23.5,,,1.74,,,,,,
Nur1996Glosac,Nurnberg,1996,field,Globigerinoides,sacculifer,26.5,,,2.77,,,,,,
Nur1996Glosac,Nurnberg,1996,field,Globigerinoides,sacculifer,29.5,,,3.5,,,,,,
Nur1996Glosac,Nurnberg,1996,field,Globigerinoides,sacculifer,19.5,,,1.42,,,,,,
Nur1996Neopach,Nurnberg,1996,field,Neogloboquadrina,pachyderma,15.2,,,0.88,,,,,,
Nur1996Neopach,Nurnberg,1996,field,Neogloboquadrina,pachyderma,12.4,,,0.96,,,,,,
Nur1996Neopach,Nurnberg,1996,field,Neogloboquadrina,pachyderma,11,,,0.44,,,,,,
Nur1996Neopach,Nurnberg,1996,field,Neogloboquadrina,pachyderma,9,,,0.53,,,,,,
Nur1996Neopach,Nurnberg,1996,field,Neogloboquadrina,pachyderma,9,,,0.52,,,,,,
Nur1996Neopach,Nurnberg,1996,field,Neogloboquadrina,pachyderma,6.3,,,0.48,,,,,,
Nur1996Neopach,Nurnberg,1996,field,Neogloboquadrina,pachyderma,5.3,,,0.35,,,,,,
Nur1996Neopach,Nurnberg,1996,field,Neogloboquadrina,pachyderma,5.2,,,0.44,,,,,,
Nur1996Neopach,Nurnberg,1996,field,Neogloboquadrina,pachyderma,4.2,,,0.56,,,,,,
Nur1996Neopach,Nurnberg,1996,field,Neogloboquadrina,pachyderma,3.3,,,0.17,,,,,,
Nur1996Neopach,Nurnberg,1996,field,Neogloboquadrina,pachyderma,3.3,,,0.55,,,,,,
Nur1996Neopach,Nurnberg,1996,field,Neogloboquadrina,pachyderma,2.9,,,0.17,,,,,,
Nur1996Neopach,Nurnberg,1996,field,Neogloboquadrina,pachyderma,2.9,,,0.26,,,,,,
Nur1996Neopach,Nurnberg,1996,field,Neogloboquadrina,pachyderma,2.6,,,0.4,,,,,,
Nur1996Neopach,Nurnberg,1996,field,Neogloboquadrina,pachyderma,-0.4,,,0.31,,,,,,
Nur1996Neopach,Nurnberg,1996,field,Neogloboquadrina,pachyderma,9.9,,,0.42,,,,,,
Nur1996Neopach,Nurnberg,1996,field,Neogloboquadrina,pachyderma,2.3,,,0.43,,,,,,
Nur1996Neopach,Nurnberg,1996,field,Neogloboquadrina,pachyderma,1,,,0.15,,,,,,
Nur1996Neopach,Nurnberg,1996,field,Neogloboquadrina,pachyderma,0,,,0.28,,,,,,
Nur1996Neopach,Nurnberg,1996,field,Neogloboquadrina,pachyderma,1.5,,,0.4,,,,,,
Nur1996Neopach,Nurnberg,1996,field,Neogloboquadrina,pachyderma,4.8,,,0.61,,,,,,
Nur1996Neopach,Nurnberg,1996,field,Neogloboquadrina,pachyderma,1.9,,,0.42,,,,,,
Nur1996Neopach,Nurnberg,1996,field,Neogloboquadrina,pachyderma,9.3,,,1.01,,,,,,
Nur1996Neopach,Nurnberg,1996,field,Neogloboquadrina,pachyderma,10.6,,,0.64,,,,,,
Nur1996Neopach,Nurnberg,1996,field,Neogloboquadrina,pachyderma,12.3,,,1.04,,,,,,
Nur1996Neopach,Nurnberg,1996,field,Neogloboquadrina,pachyderma,4.5,,,0.58,,,,,,
Nur1996Neopach,Nurnberg,1996,field,Neogloboquadrina,pachyderma,5.6,,,0.64,,,,,,
Nur1996Neopach,Nurnberg,1996,field,Neogloboquadrina,pachyderma,4.5,,,0.49,,,,,,
Nur1996Neopach,Nurnberg,1996,field,Neogloboquadrina,pachyderma,3.3,,,0.36,,,,,,
Nur1996Neopach,Nurnberg,1996,field,Neogloboquadrina,pachyderma,5,,,0.49,,,,,,
Nur1996Neopach,Nurnberg,1996,field,Neogloboquadrina,pachyderma,4,,,0.45,,,,,,
Nur1996Neodut,Nurnberg,1996,field,Neogloboquadrina,dutertrei,26.6,,,2.28,,,,,,
Nur1996Neodut,Nurnberg,1996,field,Neogloboquadrina,dutertrei,26.6,,,2.97,,,,,,
Nur1996Neodut,Nurnberg,1996,field,Neogloboquadrina,dutertrei,26.6,,,2.51,,,,,,
Nur1996Neodut,Nurnberg,1996,field,Neogloboquadrina,dutertrei,26.7,,,2.28,,,,,,
Nur1996Neodut,Nurnberg,1996,field,Neogloboquadrina,dutertrei,26.7,,,1.84,,,,,,
Nur1996Neodut,Nurnberg,1996,field,Neogloboquadrina,dutertrei,26.6,,,2.63,,,,,,
Nur1996Neodut,Nurnberg,1996,field,Neogloboquadrina,dutertrei,26.6,,,2.82,,,,,,
Nur1996Neodut,Nurnberg,1996,field,Neogloboquadrina,dutertrei,26.5,,,1.25,,,,,,
Nur1996Neodut,Nurnberg,1996,field,Neogloboquadrina,dutertrei,26.5,,,1.28,,,,,,
Nur1996Glorub,Nurnberg,1996,field,Globigerinoides,ruber,26.6,,,4.15,,,,,,
Nur1996Glorub,Nurnberg,1996,field,Globigerinoides,ruber,26.6,,,4.1,,,,,,
Nur1996Glorub,Nurnberg,1996,field,Globigerinoides,ruber,26.6,,,4.33,,,,,,
Nur1996Glorub,Nurnberg,1996,field,Globigerinoides,ruber,26.6,,,4.48,,,,,,
Nur1996Glorub,Nurnberg,1996,field,Globigerinoides,ruber,26.7,,,4.02,,,,,,
Nur1996Glorub,Nurnberg,1996,field,Globigerinoides,ruber,26.7,,,4.22,,,,,,
Nur1996Glorub,Nurnberg,1996,field,Globigerinoides,ruber,26.6,,,4.09,,,,,,
Nur1996Glorub,Nurnberg,1996,field,Globigerinoides,ruber,26.6,,,4.85,,,,,,
Nur1996Glorub,Nurnberg,1996,field,Globigerinoides,ruber,26.6,,,4.08,,,,,,
Nur1996Glorub,Nurnberg,1996,field,Globigerinoides,ruber,26.5,,,3.5,,,,,,
Nur1996Glorub,Nurnberg,1996,field,Globigerinoides,ruber,26.5,,,4.04,,,,,,
Nur1996Glosac,Nurnberg,1996,field,Globigerinoides,sacculifer,26.6,,,4.28,,,,,,
Nur1996Glosac,Nurnberg,1996,field,Globigerinoides,sacculifer,26.6,,,4.13,,,,,,
Nur1996Glosac,Nurnberg,1996,field,Globigerinoides,sacculifer,26.7,,,4.2,,,,,,
Nur1996Glosac,Nurnberg,1996,field,Globigerinoides,sacculifer,26.7,,,3.84,,,,,,
Nur1996Glosac,Nurnberg,1996,field,Globigerinoides,sacculifer,26.6,,,4.38,,,,,,
Nur1996Glosac,Nurnberg,1996,field,Globigerinoides,sacculifer,26.6,,,3.85,,,,,,
Nur1996Glosac,Nurnberg,1996,field,Globigerinoides,sacculifer,26.6,,,4.19,,,,,,
Nur1996Glosac,Nurnberg,1996,field,Globigerinoides,sacculifer,26.6,,,4.12,,,,,,
Nur1996Glosac,Nurnberg,1996,field,Globigerinoides,sacculifer,26.5,,,3.97,,,,,,
Nur1996Glosac,Nurnberg,1996,field,Globigerinoides,sacculifer,26.5,,,3.85,,,,,,
Nur1996Glosac,Nurnberg,1996,field,Globigerinoides,sacculifer,26.5,,,3.55,,,,,,
Nur1996Glosac,Nurnberg,1996,field,Globigerinoides,sacculifer,26.5,,,3.41,,,,,,
Mas1999Globul,Mashiotta,1999,field,Globigerina ,bulloides,9.7039,,,1.42666,,,,,,
Mas1999Globul,Mashiotta,1999,field,Globigerina ,bulloides,9.7043,,,1.21522,,,,,,
Mas1999Globul,Mashiotta,1999,field,Globigerina ,bulloides,9.7083,,,1.35083,,,,,,
Mas1999Globul,Mashiotta,1999,field,Globigerina ,bulloides,11.427,,,1.70422,,,,,,
Mas1999Globul,Mashiotta,1999,field,Globigerina ,bulloides,11.4356,,,1.61229,,,,,,
Eld2000Neopach,Elderfield,2000,field,Neogloboquadrina,pachyderma,9.9342,,,1.612,,,,,T= del18O-derived,
Eld2000Neopach,Elderfield,2000,field,Neogloboquadrina,pachyderma,13.923,,,1.216,,,,,T= del18O-derived,
Eld2000Neopach,Elderfield,2000,field,Neogloboquadrina,pachyderma,13.013,,,1.526,,,,,T= del18O-derived,
Eld2000Neopach,Elderfield,2000,field,Neogloboquadrina,pachyderma,13.8,,,2.12,,,,,T= del18O-derived,
Eld2000Neopach,Elderfield,2000,field,Neogloboquadrina,pachyderma,13.653,,,1.718,,,,,T= del18O-derived,
Eld2000Neopach,Elderfield,2000,field,Neogloboquadrina,pachyderma,12.386,,,2.042,,,,,T= del18O-derived,
Eld2000Neopach,Elderfield,2000,field,Neogloboquadrina,pachyderma,15.057,,,2.204,,,,,T= del18O-derived,
Eld2000Neopach,Elderfield,2000,field,Neogloboquadrina,pachyderma,10.361,,,1.772,,,,,T= del18O-derived,
Eld2000Neopach,Elderfield,2000,field,Neogloboquadrina,pachyderma,10.645,,,1.387,,,,,T= del18O-derived,
Eld2000Neopach,Elderfield,2000,field,Neogloboquadrina,pachyderma,10.036,,,1.182,,,,,T= del18O-derived,
Eld2000Neopach,Elderfield,2000,field,Neogloboquadrina,pachyderma,9.6926,,,1.533,,,,,T= del18O-derived,
Eld2000Neopach,Elderfield,2000,field,Neogloboquadrina,pachyderma,9.2049,,,1.282,,,,,T= del18O-derived,
Eld2000Neopach,Elderfield,2000,field,Neogloboquadrina,pachyderma,10.486,,,1.177,,,,,T= del18O-derived,
Eld2000Neopach,Elderfield,2000,field,Neogloboquadrina,pachyderma,12.11,,,1.369,,,,,T= del18O-derived,
Eld2000Neopach,Elderfield,2000,field,Neogloboquadrina,pachyderma,9.6521,,,1.73,,,,,T= del18O-derived,
Eld2000Neopach,Elderfield,2000,field,Neogloboquadrina,pachyderma,12.884,,,1.781,,,,,T= del18O-derived,
Eld2000Neopach,Elderfield,2000,field,Neogloboquadrina,pachyderma,13.375,,,1.625,,,,,T= del18O-derived,
Eld2000Neopach,Elderfield,2000,field,Neogloboquadrina,pachyderma,13.539,,,2.206,,,,,T= del18O-derived,
Eld2000Neopach,Elderfield,2000,field,Neogloboquadrina,pachyderma,12.868,,,1.772,,,,,T= del18O-derived,
Eld2000Neopach,Elderfield,2000,field,Neogloboquadrina,pachyderma,14.905,,,1.722,,,,,T= del18O-derived,
Eld2000Neopach,Elderfield,2000,field,Neogloboquadrina,pachyderma,13.6,,,1.791,,,,,T= del18O-derived,
Eld2000Neopach,Elderfield,2000,field,Neogloboquadrina,pachyderma,12.58,,,2.062,,,,,T= del18O-derived,
Eld2000Neopach,Elderfield,2000,field,Neogloboquadrina,pachyderma,13.3,,,1.887,,,,,T= del18O-derived,
Eld2000Neopach,Elderfield,2000,field,Neogloboquadrina,pachyderma,13.63,,,1.791,,,,,T= del18O-derived,
Eld2000Glorub,Elderfield,2000,field,Globigerinoides,ruber,16.464,,,2.895,,,,,T= del18O-derived,
Eld2000Glorub,Elderfield,2000,field,Globigerinoides,ruber,15.8,,,3.639,,,,,T= del18O-derived,
Eld2000Glorub,Elderfield,2000,field,Globigerinoides,ruber,17.2,,,3.056,,,,,T= del18O-derived,
Eld2000Glorub,Elderfield,2000,field,Globigerinoides,ruber,18.914,,,3.677,,,,,T= del18O-derived,
Eld2000Glorub,Elderfield,2000,field,Globigerinoides,ruber,17.8,,,3.42,,,,,T= del18O-derived,
Eld2000Glorub,Elderfield,2000,field,Globigerinoides,ruber,17.245,,,3.112,,,,,T= del18O-derived,
Eld2000Glorub,Elderfield,2000,field,Globigerinoides,ruber,17.4,,,2.988,,,,,T= del18O-derived,
Eld2000Glorub,Elderfield,2000,field,Globigerinoides,ruber,17.9,,,3.184,,,,,T= del18O-derived,
Eld2000Glorub,Elderfield,2000,field,Globigerinoides,ruber,17.71,,,2.819,,,,,T= del18O-derived,
Eld2000Glorub,Elderfield,2000,field,Globigerinoides,ruber,17.915,,,2.955,,,,,T= del18O-derived,
Eld2000Glorub,Elderfield,2000,field,Globigerinoides,ruber,16.4,,,2.899,,,,,T= del18O-derived,
Eld2000Glosac,Elderfield,2000,field,Globigerinoides,sacculifer,17.673,,,2.522,,,,,T= del18O-derived,
Eld2000Glosac,Elderfield,2000,field,Globigerinoides,sacculifer,17.224,,,2.871,,,,,T= del18O-derived,
Eld2000Glosac,Elderfield,2000,field,Globigerinoides,sacculifer,18.735,,,3.25,,,,,T= del18O-derived,
Eld2000Glosac,Elderfield,2000,field,Globigerinoides,sacculifer,18,,,3.171257812,,,,,T= del18O-derived,
Eld2000Glosac,Elderfield,2000,field,Globigerinoides,sacculifer,17.07,,,2.593,,,,,T= del18O-derived,
Eld2000Glosac,Elderfield,2000,field,Globigerinoides,sacculifer,17.556,,,2.893,,,,,T= del18O-derived,
Eld2000Glosac,Elderfield,2000,field,Globigerinoides,sacculifer,17.823,,,2.817,,,,,T= del18O-derived,
Eld2000Glosac,Elderfield,2000,field,Globigerinoides,sacculifer,17.489,,,3.13,,,,,T= del18O-derived,
Eld2000Glosac,Elderfield,2000,field,Globigerinoides,sacculifer,19.341,,,3.09881779,,,,,T= del18O-derived,
Eld2000Glosac,Elderfield,2000,field,Globigerinoides,sacculifer,19.197,,,3.149,,,,,T= del18O-derived,
Eld2000Globul,Elderfield,2000,field,Globigerinoides,bulloides,9.49,,,4.351,,,,,T= del18O-derived,
Eld2000Globul,Elderfield,2000,field,Globigerinoides,bulloides,14.22,,,2.396,,,,,T= del18O-derived,
Eld2000Globul,Elderfield,2000,field,Globigerinoides,bulloides,13.73,,,4.349,,,,,T= del18O-derived,
Eld2000Globul,Elderfield,2000,field,Globigerinoides,bulloides,14.48,,,5.488,,,,,T= del18O-derived,
Eld2000Globul,Elderfield,2000,field,Globigerinoides,bulloides,14.29,,,4.184,,,,,T= del18O-derived,
Eld2000Globul,Elderfield,2000,field,Globigerinoides,bulloides,13.73,,,4.345,,,,,T= del18O-derived,
Eld2000Globul,Elderfield,2000,field,Globigerinoides,bulloides,15.92,,,3.403,,,,,T= del18O-derived,
Eld2000Globul,Elderfield,2000,field,Globigerinoides,bulloides,8.43,,,2.509,,,,,T= del18O-derived,
Eld2000Globul,Elderfield,2000,field,Globigerinoides,bulloides,8.27,,,1.969,,,,,T= del18O-derived,
Eld2000Globul,Elderfield,2000,field,Globigerinoides,bulloides,8.43,,,1.763,,,,,T= del18O-derived,
Eld2000Globul,Elderfield,2000,field,Globigerinoides,bulloides,9.33,,,2.01,,,,,T= del18O-derived,
Eld2000Globul,Elderfield,2000,field,Globigerinoides,bulloides,9.89,,,2.447,,,,,T= del18O-derived,
Eld2000Globul,Elderfield,2000,field,Globigerinoides,bulloides,11.1,,,1.988,,,,,T= del18O-derived,
Eld2000Globul,Elderfield,2000,field,Globigerinoides,bulloides,11.82,,,2.442,,,,,T= del18O-derived,
Eld2000Globul,Elderfield,2000,field,Globigerinoides,bulloides,11.2,,,2.705,,,,,T= del18O-derived,
Eld2000Globul,Elderfield,2000,field,Globigerinoides,bulloides,15.22,,,3.189,,,,,T= del18O-derived,
Eld2000Globul,Elderfield,2000,field,Globigerinoides,bulloides,14.35,,,3.569,,,,,T= del18O-derived,
Eld2000Globul,Elderfield,2000,field,Globigerinoides,bulloides,14.43,,,2.646,,,,,T= del18O-derived,
Eld2000Globul,Elderfield,2000,field,Globigerinoides,bulloides,14.05,,,2.762,,,,,T= del18O-derived,
Eld2000Globul,Elderfield,2000,field,Globigerinoides,bulloides,14.52,,,3.594,,,,,T= del18O-derived,
Eld2000Globul,Elderfield,2000,field,Globigerinoides,bulloides,14.71,,,2.87,,,,,T= del18O-derived,
Eld2000Globul,Elderfield,2000,field,Globigerinoides,bulloides,15.64,,,2.87,,,,,T= del18O-derived,
Eld2000Globul,Elderfield,2000,field,Globigerinoides,bulloides,13.2,,,3.107,,,,,T= del18O-derived,
Eld2000Glosiph,Elderfield,2000,field,Globigerinella,siphonifera,14.154,,,3.157,,,,,T= del18O-derived,
Eld2000Glosiph,Elderfield,2000,field,Globigerinella,siphonifera,13.969,,,3.596,,,,,T= del18O-derived,
Eld2000Glosiph,Elderfield,2000,field,Globigerinella,siphonifera,14.717,,,3.217,,,,,T= del18O-derived,
Eld2000Glosiph,Elderfield,2000,field,Globigerinella,siphonifera,14.282,,,3.359,,,,,T= del18O-derived,
Eld2000Glosiph,Elderfield,2000,field,Globigerinella,siphonifera,16.18,,,3.368,,,,,T= del18O-derived,
Eld2000Glosiph,Elderfield,2000,field,Globigerinella,siphonifera,14.61,,,3.27,,,,,T= del18O-derived,
Eld2000Glosiph,Elderfield,2000,field,Globigerinella,siphonifera,15.373,,,2.979,,,,,T= del18O-derived,
Eld2000Glosiph,Elderfield,2000,field,Globigerinella,siphonifera,15.722,,,2.856,,,,,T= del18O-derived,
Eld2000Glosiph,Elderfield,2000,field,Globigerinella,siphonifera,15.206,,,2.773,,,,,T= del18O-derived,
Eld2000Glosiph,Elderfield,2000,field,Globigerinella,siphonifera,13.604,,,3.146,,,,,T= del18O-derived,
Eld2000Glosiph,Elderfield,2000,field,Globigerinella,siphonifera,15.856,,,3.381,,,,,T= del18O-derived,
Eld2000Glosiph,Elderfield,2000,field,Globigerinella,siphonifera,15.761,,,2.962,,,,,T= del18O-derived,
Eld2000Glosiph,Elderfield,2000,field,Globigerinella,siphonifera,13.071,,,1.533,,,,,T= del18O-derived,
Eld2000Glosiph,Elderfield,2000,field,Globigerinella,siphonifera,12.9,,,2.39,,,,,T= del18O-derived,
Eld2000Glosiph,Elderfield,2000,field,Globigerinella,siphonifera,14.283,,,2.245,,,,,T= del18O-derived,
Eld2000Glosiph,Elderfield,2000,field,Globigerinella,siphonifera,13.411,,,2.35,,,,,T= del18O-derived,
Eld2000Glosiph,Elderfield,2000,field,Globigerinella,siphonifera,14.075,,,2.453,,,,,T= del18O-derived,
Eld2000Glosiph,Elderfield,2000,field,Globigerinella,siphonifera,14.092,,,2.161,,,,,T= del18O-derived,
Eld2000Glosiph,Elderfield,2000,field,Globigerinella,siphonifera,13.4,,,1.659,,,,,T= del18O-derived,
Eld2000Glohir,Elderfield,2000,field,Globorotalia,hirsuta,5.7,,,1.507,,,,,T= del18O-derived,
Eld2000Glohir,Elderfield,2000,field,Globorotalia,hirsuta,7.24,,,1.666,,,,,T= del18O-derived,
Eld2000Glohir,Elderfield,2000,field,Globorotalia,hirsuta,9.99,,,1.104,,,,,T= del18O-derived,
Eld2000Glohir,Elderfield,2000,field,Globorotalia,hirsuta,10.85,,,1.951,,,,,T= del18O-derived,
Eld2000Glohir,Elderfield,2000,field,Globorotalia,hirsuta,10.18,,,1.696,,,,,T= del18O-derived,
Eld2000Glohir,Elderfield,2000,field,Globorotalia,hirsuta,11.68,,,1.963,,,,,T= del18O-derived,
Eld2000Glohir,Elderfield,2000,field,Globorotalia,hirsuta,14.09,,,2.05,,,,,T= del18O-derived,
Eld2000Glohir,Elderfield,2000,field,Globorotalia,hirsuta,6.25,,,1.377037411,,,,,T= del18O-derived,
Eld2000Glohir,Elderfield,2000,field,Globorotalia,hirsuta,5.56,,,1.814,,,,,T= del18O-derived,
Eld2000Glohir,Elderfield,2000,field,Globorotalia,hirsuta,7.18,,,1.326,,,,,T= del18O-derived,
Eld2000Glohir,Elderfield,2000,field,Globorotalia,hirsuta,7.56,,,1.688,,,,,T= del18O-derived,
Eld2000Glohir,Elderfield,2000,field,Globorotalia,hirsuta,9.38,,,1.672987316,,,,,T= del18O-derived,
Eld2000Glohir,Elderfield,2000,field,Globorotalia,hirsuta,10.51,,,2.134,,,,,T= del18O-derived,
Eld2000Glohir,Elderfield,2000,field,Globorotalia,hirsuta,11.26,,,1.882,,,,,T= del18O-derived,
Eld2000Glohir,Elderfield,2000,field,Globorotalia,hirsuta,10.56,,,1.767,,,,,T= del18O-derived,
Eld2000Glohir,Elderfield,2000,field,Globorotalia,hirsuta,11.89,,,2.015,,,,,T= del18O-derived,
Eld2000Glohir,Elderfield,2000,field,Globorotalia,hirsuta,13.21,,,1.979,,,,,T= del18O-derived,
Eld2000Glohir,Elderfield,2000,field,Globorotalia,hirsuta,14.45,,,2.068,,,,,T= del18O-derived,
Eld2000Glohir,Elderfield,2000,field,Globorotalia,hirsuta,13.58,,,2.124,,,,,T= del18O-derived,
Eld2000Glohir,Elderfield,2000,field,Globorotalia,hirsuta,8.65,,,1.539448378,,,,,T= del18O-derived,
Eld2000Glohir,Elderfield,2000,field,Globorotalia,hirsuta,10.2,,,1.616559557,,,,,T= del18O-derived,
Eld2000Glohir,Elderfield,2000,field,Globorotalia,hirsuta,10.26,,,1.527318114,,,,,T= del18O-derived,
Eld2000Glohir,Elderfield,2000,field,Globorotalia,hirsuta,10.1,,,1.903977405,,,,,T= del18O-derived,
Eld2000Glohir,Elderfield,2000,field,Globorotalia,hirsuta,9.84,,,1.570485145,,,,,T= del18O-derived,
Eld2000Gloinf,Elderfield,2000,field,Globorotalia,inflata,8.11,,,1.62,,,,,T= del18O-derived,
Eld2000Gloinf,Elderfield,2000,field,Globorotalia,inflata,9.42,,,1.25,,,,,T= del18O-derived,
Eld2000Gloinf,Elderfield,2000,field,Globorotalia,inflata,10.48,,,1.599,,,,,T= del18O-derived,
Eld2000Gloinf,Elderfield,2000,field,Globorotalia,inflata,11.84,,,1.738,,,,,T= del18O-derived,
Eld2000Gloinf,Elderfield,2000,field,Globorotalia,inflata,12.03,,,1.525,,,,,T= del18O-derived,
Eld2000Gloinf,Elderfield,2000,field,Globorotalia,inflata,12.68,,,1.848,,,,,T= del18O-derived,
Eld2000Gloinf,Elderfield,2000,field,Globorotalia,inflata,14.52,,,2.003,,,,,T= del18O-derived,
Eld2000Gloinf,Elderfield,2000,field,Globorotalia,inflata,8.33,,,1.312,,,,,T= del18O-derived,
Eld2000Gloinf,Elderfield,2000,field,Globorotalia,inflata,7.03,,,1.082,,,,,T= del18O-derived,
Eld2000Gloinf,Elderfield,2000,field,Globorotalia,inflata,7.73,,,1.415,,,,,T= del18O-derived,
Eld2000Gloinf,Elderfield,2000,field,Globorotalia,inflata,8.17,,,1.994,,,,,T= del18O-derived,
Eld2000Gloinf,Elderfield,2000,field,Globorotalia,inflata,9.44,,,1.215,,,,,T= del18O-derived,
Eld2000Gloinf,Elderfield,2000,field,Globorotalia,inflata,9.47,,,1.649,,,,,T= del18O-derived,
Eld2000Gloinf,Elderfield,2000,field,Globorotalia,inflata,10.8,,,1.649,,,,,T= del18O-derived,
Eld2000Gloinf,Elderfield,2000,field,Globorotalia,inflata,11.62,,,1.834,,,,,T= del18O-derived,
Eld2000Gloinf,Elderfield,2000,field,Globorotalia,inflata,11.63,,,1.659,,,,,T= del18O-derived,
Eld2000Gloinf,Elderfield,2000,field,Globorotalia,inflata,11.96,,,1.609,,,,,T= del18O-derived,
Eld2000Gloinf,Elderfield,2000,field,Globorotalia,inflata,12.06,,,1.822,,,,,T= del18O-derived,
Eld2000Gloinf,Elderfield,2000,field,Globorotalia,inflata,13.08,,,1.764,,,,,T= del18O-derived,
Eld2000Gloinf,Elderfield,2000,field,Globorotalia,inflata,13.18,,,1.813,,,,,T= del18O-derived,
Eld2000Gloinf,Elderfield,2000,field,Globorotalia,inflata,13.87,,,1.989,,,,,T= del18O-derived,
Eld2000Gloinf,Elderfield,2000,field,Globorotalia,inflata,13.96,,,1.579,,,,,T= del18O-derived,
Eld2000Gloinf,Elderfield,2000,field,Globorotalia,inflata,11.24,,,1.703,,,,,T= del18O-derived,
Eld2000Gloinf,Elderfield,2000,field,Globorotalia,inflata,8.2,,,1.441,,,,,T= del18O-derived,
Eld2000Gloinf,Elderfield,2000,field,Globorotalia,inflata,8.64,,,1.155,,,,,T= del18O-derived,
Eld2000Gloinf,Elderfield,2000,field,Globorotalia,inflata,10.45,,,0.885,,,,,T= del18O-derived,
Eld2000Gloinf,Elderfield,2000,field,Globorotalia,inflata,10.75,,,1.318,,,,,T= del18O-derived,
Eld2000Gloinf,Elderfield,2000,field,Globorotalia,inflata,10.57,,,1.113,,,,,T= del18O-derived,
Eld2000Gloinf,Elderfield,2000,field,Globorotalia,inflata,11,,,1.262,,,,,T= del18O-derived,
Eld2000Gloinf,Elderfield,2000,field,Globorotalia,inflata,11.44,,,1.445,,,,,T= del18O-derived,
Eld2000Gloinf,Elderfield,2000,field,Globorotalia,inflata,11.66,,,1.213,,,,,T= del18O-derived,
Eld2000Gloinf,Elderfield,2000,field,Globorotalia,inflata,10.53,,,1.4,,,,,T= del18O-derived,
Eld2000Glotru,Elderfield,2000,field,Globorotalia,truncatulinoides,11.79,,,1.857,,,,,T= del18O-derived,
Eld2000Glotru,Elderfield,2000,field,Globorotalia,truncatulinoides,12.09,,,1.949,,,,,T= del18O-derived,
Eld2000Glotru,Elderfield,2000,field,Globorotalia,truncatulinoides,13.24,,,1.863,,,,,T= del18O-derived,
Eld2000Glotru,Elderfield,2000,field,Globorotalia,truncatulinoides,13.82,,,2.143,,,,,T= del18O-derived,
Eld2000Glotru,Elderfield,2000,field,Globorotalia,truncatulinoides,13.16,,,2.184,,,,,T= del18O-derived,
Eld2000Glotru,Elderfield,2000,field,Globorotalia,truncatulinoides,8.56,,,1.406,,,,,T= del18O-derived,
Eld2000Glotru,Elderfield,2000,field,Globorotalia,truncatulinoides,9.07,,,1.674,,,,,T= del18O-derived,
Eld2000Glotru,Elderfield,2000,field,Globorotalia,truncatulinoides,11.37,,,2.143,,,,,T= del18O-derived,
Eld2000Glotru,Elderfield,2000,field,Globorotalia,truncatulinoides,11.99,,,2.074,,,,,T= del18O-derived,
Eld2000Glotru,Elderfield,2000,field,Globorotalia,truncatulinoides,12.84,,,1.854,,,,,T= del18O-derived,
Eld2000Glotru,Elderfield,2000,field,Globorotalia,truncatulinoides,12.42,,,2.052874726,,,,,T= del18O-derived,
Eld2000Glotru,Elderfield,2000,field,Globorotalia,truncatulinoides,13.39,,,2.17,,,,,T= del18O-derived,
Eld2000Glotru,Elderfield,2000,field,Globorotalia,truncatulinoides,13.91,,,1.912,,,,,T= del18O-derived,
Eld2000Glotru,Elderfield,2000,field,Globorotalia,truncatulinoides,12.99,,,1.968,,,,,T= del18O-derived,
Eld2000Glotru,Elderfield,2000,field,Globorotalia,truncatulinoides,10.75,,,1.682035805,,,,,T= del18O-derived,
Eld2000Glotru,Elderfield,2000,field,Globorotalia,truncatulinoides,11.82,,,2.011692167,,,,,T= del18O-derived,
Eld2000Glotru,Elderfield,2000,field,Globorotalia,truncatulinoides,11.95,,,1.974778443,,,,,T= del18O-derived,
Eld2000Glotru,Elderfield,2000,field,Globorotalia,truncatulinoides,10.78,,,1.698342875,,,,,T= del18O-derived,
Dek2002Glorub,Dekens,2002,field,Globigerinoides,ruber,22.4,,,3.37,,,-0.46,,,
Dek2002Glorub,Dekens,2002,field,Globigerinoides,ruber,21.6,,,3.35,,,-0.18,,,
Dek2002Glorub,Dekens,2002,field,Globigerinoides,ruber,21.2,,,2.97,,,-0.48,,,
Dek2002Glorub,Dekens,2002,field,Globigerinoides,ruber,21.8,,,2.91,,,-0.34,,,
Dek2002Glorub,Dekens,2002,field,Globigerinoides,ruber,21.8,,,2.71,,,-0.42,,,
Dek2002Glorub,Dekens,2002,field,Globigerinoides,ruber,21.8,,,3.32,,,-0.27,,,
Dek2002Glorub,Dekens,2002,field,Globigerinoides,ruber,21.6,,,3.03,,,0.08,,,
Dek2002Glorub,Dekens,2002,field,Globigerinoides,ruber,29,,,3.5,,,-1.64,,,
Dek2002Glorub,Dekens,2002,field,Globigerinoides,ruber,27.3,,,3.35,,,-0.94,,,
Dek2002Glorub,Dekens,2002,field,Globigerinoides,ruber,27.4,,,3.31,,,-1.78,,,
Dek2002Glorub,Dekens,2002,field,Globigerinoides,ruber,27.5,,,2.97,,,-1.6,,,
Dek2002Glorub,Dekens,2002,field,Globigerinoides,ruber,27.4,,,3.45,,,-1.71,,,
Dek2002Glorub,Dekens,2002,field,Globigerinoides,ruber,27.4,,,4.01,,,-2.12,,,
Dek2002Glorub,Dekens,2002,field,Globigerinoides,ruber,27.4,,,3.26,,,-1.84,,,
Dek2002Glorub,Dekens,2002,field,Globigerinoides,ruber,27.4,,,3.8,,,-1.93,,,
Dek2002Glorub,Dekens,2002,field,Globigerinoides,ruber,27.4,,,4.1,,,-2.08,,,
Dek2002Glorub,Dekens,2002,field,Globigerinoides,ruber,27.4,,,3.94,,,-2.08,,,
Dek2002Glorub,Dekens,2002,field,Globigerinoides,ruber,27.4,,,3.69,,,-2.32,,,
Dek2002Glorub,Dekens,2002,field,Globigerinoides,ruber,27.4,,,3.85,,,-2.31,,,
Dek2002Glorub,Dekens,2002,field,Globigerinoides,ruber,27.4,,,3.74,,,-2.3,,,
Dek2002Glorub,Dekens,2002,field,Globigerinoides,ruber,27.5,,,4.27,,,-2.19,,,
Dek2002Glorub,Dekens,2002,field,Globigerinoides,ruber,29.5,,,4.48,,,-2.4,,,
Dek2002Glorub,Dekens,2002,field,Globigerinoides,ruber,29.3,,,4.28,,,-2.56,,,
Dek2002Glorub,Dekens,2002,field,Globigerinoides,ruber,29.1,,,3.96,,,-2.13,,,
Dek2002Glorub,Dekens,2002,field,Globigerinoides,ruber,23.2,,,3.13,,,-0.58,,,
Dek2002Glorub,Dekens,2002,field,Globigerinoides,ruber,29.2,,,4.02,,,-2.4,,,
Dek2002Glorub,Dekens,2002,field,Globigerinoides,ruber,26.2,,,2.9,,,-1.88,,,
Dek2002Glorub,Dekens,2002,field,Globigerinoides,ruber,26.2,,,2.98,,,-1.87,,,
Dek2002Glorub,Dekens,2002,field,Globigerinoides,ruber,23.5,,,2.5,,,-1.12,,,
Dek2002Glorub,Dekens,2002,field,Globigerinoides,ruber,23.5,,,2.46,,,-0.86,,,
Dek2002Glorub,Dekens,2002,field,Globigerinoides,ruber,22.8,,,2.39,,,-1.4,,,
Dek2002Glorub,Dekens,2002,field,Globigerinoides,ruber,27.4,,,3.57,,,-2.01,,,
Dek2002Glorub,Dekens,2002,field,Globigerinoides,ruber,22.4,,,3.2,,,-1.44,,,
Dek2002Glorub,Dekens,2002,field,Globigerinoides,sacculifer,22.4,,,2.94,,,-0.42,,,
Dek2002Glorub,Dekens,2002,field,Globigerinoides,sacculifer,21.6,,,2.84,,,-0.27,,,
Dek2002Glorub,Dekens,2002,field,Globigerinoides,sacculifer,21.2,,,2.57,,,-0.49,,,
Dek2002Glorub,Dekens,2002,field,Globigerinoides,sacculifer,21.8,,,2.8,,,-0.62,,,
Dek2002Glorub,Dekens,2002,field,Globigerinoides,sacculifer,21.8,,,1.78,,,1.07,,,
Dek2002Glorub,Dekens,2002,field,Globigerinoides,sacculifer,21.8,,,2.82,,,-0.28,,,
Dek2002Glorub,Dekens,2002,field,Globigerinoides,sacculifer,21.6,,,2.93,,,-0.13,,,
Dek2002Glorub,Dekens,2002,field,Globigerinoides,sacculifer,23.8,,,2.58,,,-0.14,,,
Dek2002Glorub,Dekens,2002,field,Globigerinoides,sacculifer,29,,,3.02,,,-1.21,,,
Dek2002Glorub,Dekens,2002,field,Globigerinoides,sacculifer,27.3,,,3.18,,,-1.26,,,
Dek2002Glorub,Dekens,2002,field,Globigerinoides,sacculifer,27.4,,,3.06,,,-1.86,,,
Dek2002Glorub,Dekens,2002,field,Globigerinoides,sacculifer,27.5,,,2.67,,,-1.49,,,
Dek2002Glorub,Dekens,2002,field,Globigerinoides,sacculifer,27.4,,,3.28,,,-1.1,,,
Dek2002Glorub,Dekens,2002,field,Globigerinoides,sacculifer,27.4,,,3.6,,,-1.67,,,
Dek2002Glorub,Dekens,2002,field,Globigerinoides,sacculifer,27.4,,,3.16,,,-1.62,,,
Dek2002Glorub,Dekens,2002,field,Globigerinoides,sacculifer,27.4,,,3.39,,,-1.65,,,
Dek2002Glorub,Dekens,2002,field,Globigerinoides,sacculifer,27.4,,,3.66,,,-2.01,,,
Dek2002Glorub,Dekens,2002,field,Globigerinoides,sacculifer,27.4,,,3.57,,,-2.12,,,
Dek2002Glorub,Dekens,2002,field,Globigerinoides,sacculifer,27.4,,,3.51,,,-1.85,,,
Dek2002Glorub,Dekens,2002,field,Globigerinoides,sacculifer,27.4,,,3.76,,,-2.11,,,
Dek2002Glorub,Dekens,2002,field,Globigerinoides,sacculifer,27.4,,,3.36,,,-1.92,,,
Dek2002Glorub,Dekens,2002,field,Globigerinoides,sacculifer,27.5,,,3.68,,,-2.05,,,
Dek2002Glorub,Dekens,2002,field,Globigerinoides,sacculifer,24.4,,,2.05,,,-0.69,,,
Dek2002Glorub,Dekens,2002,field,Globigerinoides,sacculifer,29.5,,,3.71,,,-2.34,,,
Dek2002Glorub,Dekens,2002,field,Globigerinoides,sacculifer,29.3,,,3.62,,,-2.45,,,
Dek2002Glorub,Dekens,2002,field,Globigerinoides,sacculifer,29.1,,,3.55,,,-2.23,,,
Dek2002Glorub,Dekens,2002,field,Globigerinoides,sacculifer,29.1,,,3.38,,,-2,,,
Dek2002Glorub,Dekens,2002,field,Globigerinoides,sacculifer,29.1,,,3.23,,,-1.95,,,
Dek2002Glorub,Dekens,2002,field,Globigerinoides,sacculifer,29.1,,,3.19,,,-1.6,,,
Dek2002Glorub,Dekens,2002,field,Globigerinoides,sacculifer,23.2,,,3.33,,,-0.86,,,
Dek2002Glorub,Dekens,2002,field,Globigerinoides,sacculifer,29.2,,,3.43,,,-2.22,,,
Dek2002Glorub,Dekens,2002,field,Globigerinoides,sacculifer,27.4,,,2.41,,,-1.5,,,
Dek2002Glorub,Dekens,2002,field,Globigerinoides,sacculifer,26.2,,,2.48,,,-1.76,,,
Dek2002Glorub,Dekens,2002,field,Globigerinoides,sacculifer,26.2,,,2.3,,,-1.42,,,
Dek2002Glorub,Dekens,2002,field,Globigerinoides,sacculifer,23.5,,,2.14,,,-0.07,,,
Dek2002Glorub,Dekens,2002,field,Globigerinoides,sacculifer,23.5,,,2.24,,,-0.2,,,
Dek2002Glorub,Dekens,2002,field,Globigerinoides,sacculifer,22.8,,,2.1,,,-0.99,,,
Dek2002Glorub,Dekens,2002,field,Globigerinoides,sacculifer,27.4,,,3.41,,,-1.58,,,
Dek2002Glorub,Dekens,2002,field,Globigerinoides,sacculifer,22.4,,,2.84,,,-1.04,,,
